Route,Distance_KM,Toll_Count,Border_Fee,Vehicle_Class,Urgency,Is_Backhaul,Road_Quality,Fuel_Price,Demand_Signal,Target_Price
Harare-Gweru,275,3,0,5t,3,1,5,1.68,0.72,282.19
Harare-Beitbridge,580,6,122,5t,1,0,4,1.68,0.72,752.73
Mutare-Harare,263,3,0,14t,2,1,5,1.68,0.72,341.7
Harare-Beitbridge,580,6,122,5t,4,0,2,1.68,0.72,993.49
Harare-Bulawayo,440,5,0,14t,1,0,2,1.68,0.72,752.19
Harare-Bulawayo,440,5,0,30t,5,0,2,1.68,0.72,1223.44
Harare-Beitbridge,580,6,122,5t,5,0,4,1.68,0.72,878.19
Harare-Beitbridge,580,6,122,14t,1,0,2,1.68,0.72,1010.13
Mutare-Harare,263,3,0,30t,3,0,2,1.68,0.72,861.17
Mutare-Harare,263,3,0,14t,2,0,5,1.68,0.72,439.61
Harare-Bulawayo,440,5,0,14t,2,0,3,1.68,0.72,715.63
Harare-Gweru,275,3,0,30t,4,0,5,1.68,0.72,689.67
Harare-Bulawayo,440,5,0,30t,2,0,4,1.68,0.72,956.55
Harare-Beitbridge,580,6,122,30t,2,0,1,1.68,0.72,1519.18
Mutare-Harare,263,3,0,14t,1,0,4,1.68,0.72,487.21
Harare-Beitbridge,580,6,122,30t,3,0,1,1.68,0.72,1579.95
Mutare-Harare,263,3,0,14t,2,0,5,1.68,0.72,439.61
Harare-Bulawayo,440,5,0,14t,4,0,1,1.68,0.72,919.55
Mutare-Harare,263,3,0,5t,1,0,5,1.68,0.72,364.42
Harare-Bulawayo,440,5,0,14t,5,0,1,1.68,0.72,953.61
Bulawayo-Vic Falls,435,4,0,30t,3,1,2,1.68,0.72,849.58
Harare-Bulawayo,440,5,0,14t,5,0,2,1.68,0.72,877.56
Mutare-Harare,263,3,0,30t,1,0,4,1.68,0.72,664.56
Bulawayo-Vic Falls,435,4,0,30t,2,0,5,1.68,0.72,855.56
Bulawayo-Vic Falls,435,4,0,30t,2,0,3,1.68,0.72,991.36
Harare-Bulawayo,440,5,0,30t,5,0,4,1.68,0.72,1071.34
Mutare-Harare,263,3,0,30t,1,0,4,1.68,0.72,664.56
Mutare-Harare,263,3,0,30t,3,1,1,1.68,0.72,710.64
Mutare-Harare,263,3,0,30t,2,0,4,1.68,0.72,692.25
Harare-Gweru,275,3,0,5t,3,0,5,1.68,0.72,399.91
Harare-Gweru,275,3,0,14t,2,1,5,1.68,0.72,344.74
Harare-Beitbridge,580,6,122,14t,1,0,3,1.68,0.72,944.95
Harare-Bulawayo,440,5,0,30t,4,1,1,1.68,0.72,878.45
Harare-Beitbridge,580,6,122,30t,5,0,4,1.68,0.72,1473.34
Harare-Gweru,275,3,0,5t,4,0,1,1.68,0.72,708.62
Harare-Gweru,275,3,0,14t,2,0,2,1.68,0.72,650.97
Mutare-Harare,263,3,0,5t,5,0,3,1.68,0.72,577.25
Harare-Beitbridge,580,6,122,30t,4,0,2,1.68,0.72,1567.38
Bulawayo-Vic Falls,435,4,0,14t,2,1,5,1.68,0.72,395.32
Bulawayo-Vic Falls,435,4,0,5t,2,0,1,1.68,0.72,735.42
Harare-Bulawayo,440,5,0,5t,1,0,3,1.68,0.72,590.64
Bulawayo-Vic Falls,435,4,0,14t,5,0,5,1.68,0.72,630.63
Mutare-Harare,263,3,0,14t,4,0,4,1.68,0.72,548.11
Harare-Bulawayo,440,5,0,5t,1,0,1,1.68,0.72,721.01
Mutare-Harare,263,3,0,14t,5,0,1,1.68,0.72,796.55
Harare-Bulawayo,440,5,0,30t,1,0,4,1.68,0.72,918.29
Mutare-Harare,263,3,0,5t,4,0,1,1.68,0.72,703.3
Mutare-Harare,263,3,0,14t,1,0,4,1.68,0.72,487.21
Mutare-Harare,263,3,0,14t,3,0,5,1.68,0.72,457.19
Harare-Bulawayo,440,5,0,30t,1,0,3,1.68,0.72,983.48
Harare-Gweru,275,3,0,5t,1,0,1,1.68,0.72,629.89
Harare-Beitbridge,580,6,122,5t,1,1,1,1.68,0.72,727.08
Bulawayo-Vic Falls,435,4,0,14t,5,0,4,1.68,0.72,706.67
Harare-Gweru,275,3,0,5t,1,0,1,1.68,0.72,629.89
Mutare-Harare,263,3,0,5t,3,0,5,1.68,0.72,394.79
Harare-Bulawayo,440,5,0,30t,2,0,1,1.68,0.72,1160.25
Harare-Gweru,275,3,0,30t,2,0,1,1.68,0.72,910.19
Harare-Gweru,275,3,0,5t,4,0,3,1.68,0.72,561.96
Harare-Gweru,275,3,0,14t,2,0,2,1.68,0.72,650.97
Harare-Gweru,275,3,0,5t,5,1,1,1.68,0.72,519.18
Bulawayo-Vic Falls,435,4,0,30t,5,0,4,1.68,0.72,1034.28
Mutare-Harare,263,3,0,14t,1,0,4,1.68,0.72,487.21
Harare-Gweru,275,3,0,30t,4,0,1,1.68,0.72,983.0
Bulawayo-Vic Falls,435,4,0,5t,2,0,4,1.68,0.72,531.72
Bulawayo-Vic Falls,435,4,0,14t,5,0,1,1.68,0.72,934.82
Harare-Gweru,275,3,0,30t,4,0,5,1.68,0.72,689.67
Harare-Bulawayo,440,5,0,30t,4,0,4,1.68,0.72,1033.08
Harare-Beitbridge,580,6,122,5t,3,0,1,1.68,0.72,1027.31
Harare-Beitbridge,580,6,122,14t,5,1,3,1.68,0.72,859.96
Mutare-Harare,263,3,0,14t,1,0,2,1.68,0.72,617.57
Harare-Gweru,275,3,0,30t,5,0,5,1.68,0.72,715.22
Harare-Beitbridge,580,6,122,30t,4,1,5,1.68,0.72,1006.68
Harare-Beitbridge,580,6,122,5t,3,0,2,1.68,0.72,956.69
Harare-Gweru,275,3,0,5t,3,0,1,1.68,0.72,682.38
Mutare-Harare,263,3,0,30t,4,0,3,1.68,0.72,820.96
Mutare-Harare,263,3,0,5t,1,0,2,1.68,0.72,559.97
Bulawayo-Vic Falls,435,4,0,30t,5,0,3,1.68,0.72,1110.33
Harare-Bulawayo,440,5,0,30t,4,1,4,1.68,0.72,775.85
Bulawayo-Vic Falls,435,4,0,5t,3,0,3,1.68,0.72,623.6
Mutare-Harare,263,3,0,14t,3,1,5,1.68,0.72,356.92
Harare-Beitbridge,580,6,122,14t,1,0,4,1.68,0.72,879.76
Harare-Beitbridge,580,6,122,5t,1,0,4,1.68,0.72,752.73
Harare-Beitbridge,580,6,122,14t,2,0,3,1.68,0.72,984.32
Harare-Beitbridge,580,6,122,5t,4,0,5,1.68,0.72,773.49
Bulawayo-Vic Falls,435,4,0,30t,2,1,5,1.68,0.72,658.87
Harare-Bulawayo,440,5,0,30t,5,0,3,1.68,0.72,1147.39
Harare-Gweru,275,3,0,14t,3,0,3,1.68,0.72,606.39
Harare-Beitbridge,580,6,122,14t,3,0,1,1.68,0.72,1164.93
Bulawayo-Vic Falls,435,4,0,14t,5,0,4,1.68,0.72,706.67
Harare-Bulawayo,440,5,0,14t,3,0,5,1.68,0.72,603.03
Bulawayo-Vic Falls,435,4,0,14t,3,0,3,1.68,0.72,726.81
Mutare-Harare,263,3,0,30t,2,0,1,1.68,0.72,895.95
Bulawayo-Vic Falls,435,4,0,14t,3,0,4,1.68,0.72,656.2
Mutare-Harare,263,3,0,14t,5,0,4,1.68,0.72,568.41
Mutare-Harare,263,3,0,30t,5,1,4,1.68,0.72,595.75
Harare-Bulawayo,440,5,0,14t,5,0,3,1.68,0.72,801.51
Harare-Gweru,275,3,0,5t,4,0,5,1.68,0.72,415.29
Harare-Gweru,275,3,0,14t,2,0,2,1.68,0.72,650.97
Mutare-Harare,263,3,0,5t,3,0,3,1.68,0.72,536.02
Harare-Beitbridge,580,6,122,30t,4,0,2,1.68,0.72,1567.38
Harare-Gweru,275,3,0,30t,2,0,2,1.68,0.72,842.29
Harare-Bulawayo,440,5,0,14t,2,0,5,1.68,0.72,579.83
Mutare-Harare,263,3,0,30t,3,0,2,1.68,0.72,861.17
Mutare-Harare,263,3,0,14t,4,0,3,1.68,0.72,621.44
Harare-Gweru,275,3,0,5t,4,1,2,1.68,0.72,478.97
Harare-Gweru,275,3,0,14t,1,0,3,1.68,0.72,559.75
Mutare-Harare,263,3,0,14t,1,0,5,1.68,0.72,422.02
Bulawayo-Vic Falls,435,4,0,30t,1,0,3,1.68,0.72,951.71
Harare-Gweru,275,3,0,5t,1,0,1,1.68,0.72,629.89
Mutare-Harare,263,3,0,30t,3,0,3,1.68,0.72,790.56
Harare-Gweru,275,3,0,30t,4,0,3,1.68,0.72,836.34
Harare-Gweru,275,3,0,5t,3,0,1,1.68,0.72,682.38
Bulawayo-Vic Falls,435,4,0,5t,4,1,1,1.68,0.72,628.11
Harare-Bulawayo,440,5,0,14t,4,0,1,1.68,0.72,919.55
Harare-Bulawayo,440,5,0,5t,5,0,2,1.68,0.72,765.13
Harare-Beitbridge,580,6,122,30t,3,1,3,1.68,0.72,1019.27
Mutare-Harare,263,3,0,5t,3,0,3,1.68,0.72,536.02
Harare-Bulawayo,440,5,0,30t,2,0,2,1.68,0.72,1092.35
Bulawayo-Vic Falls,435,4,0,5t,4,0,4,1.68,0.72,574.25
Harare-Beitbridge,580,6,122,5t,3,0,5,1.68,0.72,744.85
Bulawayo-Vic Falls,435,4,0,30t,3,0,3,1.68,0.72,1031.02
Mutare-Harare,263,3,0,5t,5,0,5,1.68,0.72,425.16
Harare-Gweru,275,3,0,30t,4,1,1,1.68,0.72,749.81
Harare-Gweru,275,3,0,14t,2,0,5,1.68,0.72,447.27
Harare-Gweru,275,3,0,5t,4,0,4,1.68,0.72,488.63
Harare-Gweru,275,3,0,14t,4,1,3,1.68,0.72,470.46
Mutare-Harare,263,3,0,14t,4,1,2,1.68,0.72,507.61
Mutare-Harare,263,3,0,30t,2,0,5,1.68,0.72,624.35
Bulawayo-Vic Falls,435,4,0,30t,4,0,2,1.68,0.72,1144.0
Harare-Gweru,275,3,0,5t,1,1,5,1.68,0.72,261.93
Harare-Beitbridge,580,6,122,5t,1,0,1,1.68,0.72,948.29
Harare-Gweru,275,3,0,30t,1,0,5,1.68,0.72,613.04
Bulawayo-Vic Falls,435,4,0,30t,2,0,1,1.68,0.72,1127.16
Harare-Gweru,275,3,0,5t,4,0,4,1.68,0.72,488.63
Harare-Beitbridge,580,6,122,14t,5,0,4,1.68,0.72,1026.39
Harare-Beitbridge,580,6,122,30t,3,1,4,1.68,0.72,1092.86
Harare-Gweru,275,3,0,5t,1,0,5,1.68,0.72,369.15
Harare-Gweru,275,3,0,30t,2,0,2,1.68,0.72,842.29
Mutare-Harare,263,3,0,5t,4,1,3,1.68,0.72,434.11
Bulawayo-Vic Falls,435,4,0,30t,5,0,4,1.68,0.72,1034.28
Mutare-Harare,263,3,0,5t,4,0,5,1.68,0.72,409.97
Harare-Gweru,275,3,0,14t,3,0,1,1.68,0.72,747.63
Harare-Gweru,275,3,0,5t,4,0,2,1.68,0.72,635.29
Bulawayo-Vic Falls,435,4,0,30t,1,0,5,1.68,0.72,821.34
Harare-Bulawayo,440,5,0,30t,3,0,5,1.68,0.72,924.2
Bulawayo-Vic Falls,435,4,0,5t,3,1,3,1.68,0.72,471.06
Harare-Gweru,275,3,0,5t,2,0,3,1.68,0.72,520.33
Mutare-Harare,263,3,0,5t,1,0,4,1.68,0.72,429.6
Bulawayo-Vic Falls,435,4,0,14t,4,1,4,1.68,0.72,481.54
Harare-Gweru,275,3,0,5t,5,0,3,1.68,0.72,582.77
Bulawayo-Vic Falls,435,4,0,14t,4,0,2,1.68,0.72,828.1
Bulawayo-Vic Falls,435,4,0,5t,2,1,5,1.68,0.72,356.56
Bulawayo-Vic Falls,435,4,0,5t,1,1,1,1.68,0.72,496.96
Harare-Bulawayo,440,5,0,14t,5,1,3,1.68,0.72,622.84
Bulawayo-Vic Falls,435,4,0,30t,5,0,2,1.68,0.72,1186.37
Harare-Gweru,275,3,0,14t,2,0,5,1.68,0.72,447.27
Mutare-Harare,263,3,0,30t,4,1,2,1.68,0.72,627.53
Bulawayo-Vic Falls,435,4,0,30t,5,0,3,1.68,0.72,1110.33
Bulawayo-Vic Falls,435,4,0,14t,5,0,1,1.68,0.72,934.82
Bulawayo-Vic Falls,435,4,0,30t,3,0,1,1.68,0.72,1172.25
Harare-Beitbridge,580,6,122,14t,5,0,2,1.68,0.72,1178.49
Harare-Beitbridge,580,6,122,14t,3,0,4,1.68,0.72,953.08
Harare-Gweru,275,3,0,14t,3,0,1,1.68,0.72,747.63
Harare-Bulawayo,440,5,0,30t,1,1,1,1.68,0.72,799.17
Harare-Gweru,275,3,0,5t,3,0,4,1.68,0.72,470.53
Harare-Bulawayo,440,5,0,5t,4,0,2,1.68,0.72,737.8
Harare-Gweru,275,3,0,5t,5,1,4,1.68,0.72,388.97
Harare-Gweru,275,3,0,14t,5,0,1,1.68,0.72,805.14
Harare-Bulawayo,440,5,0,30t,5,0,3,1.68,0.72,1147.39
Harare-Gweru,275,3,0,30t,3,0,4,1.68,0.72,734.75
Mutare-Harare,263,3,0,5t,3,0,1,1.68,0.72,677.25
Mutare-Harare,263,3,0,5t,1,0,4,1.68,0.72,429.6
Harare-Gweru,275,3,0,5t,1,1,2,1.68,0.72,448.82
Harare-Beitbridge,580,6,122,5t,2,0,1,1.68,0.72,987.8
Harare-Gweru,275,3,0,5t,3,0,4,1.68,0.72,470.53
Harare-Bulawayo,440,5,0,30t,2,0,2,1.68,0.72,1092.35
Harare-Bulawayo,440,5,0,30t,1,0,4,1.68,0.72,918.29
Harare-Gweru,275,3,0,14t,4,0,4,1.68,0.72,556.38
Harare-Beitbridge,580,6,122,14t,4,0,1,1.68,0.72,1209.73
Harare-Beitbridge,580,6,122,14t,4,0,1,1.68,0.72,1209.73
Harare-Bulawayo,440,5,0,5t,5,1,3,1.68,0.72,532.86
Harare-Bulawayo,440,5,0,5t,2,0,5,1.68,0.72,479.45
Bulawayo-Vic Falls,435,4,0,5t,5,0,1,1.68,0.72,823.67
Mutare-Harare,263,3,0,30t,1,1,4,1.68,0.72,529.79
Harare-Beitbridge,580,6,122,30t,1,0,1,1.68,0.72,1458.41
Harare-Gweru,275,3,0,5t,3,0,4,1.68,0.72,470.53
Mutare-Harare,263,3,0,30t,5,0,2,1.68,0.72,927.42
Bulawayo-Vic Falls,435,4,0,5t,5,0,4,1.68,0.72,595.52
Mutare-Harare,263,3,0,14t,4,0,1,1.68,0.72,768.1
Harare-Gweru,275,3,0,5t,2,0,5,1.68,0.72,384.53
Harare-Beitbridge,580,6,122,5t,3,0,5,1.68,0.72,744.85
Harare-Bulawayo,440,5,0,14t,3,0,1,1.68,0.72,885.49
Mutare-Harare,263,3,0,14t,3,1,5,1.68,0.72,321.47
Harare-Gweru,275,3,0,5t,1,0,3,1.68,0.72,499.52
Mutare-Harare,263,3,0,14t,5,0,3,1.68,0.72,644.45
Harare-Gweru,275,3,0,14t,2,0,4,1.68,0.72,515.17
Bulawayo-Vic Falls,435,4,0,30t,4,1,3,1.68,0.72,771.56
Harare-Bulawayo,440,5,0,14t,4,1,1,1.68,0.72,733.98
Bulawayo-Vic Falls,435,4,0,14t,5,1,4,1.68,0.72,530.91
Harare-Bulawayo,440,5,0,14t,4,0,5,1.68,0.72,626.22
Harare-Beitbridge,580,6,122,30t,5,0,2,1.68,0.72,1625.43
Mutare-Harare,263,3,0,14t,1,1,1,1.68,0.72,488.31
Harare-Beitbridge,580,6,122,14t,4,0,3,1.68,0.72,1063.07
Mutare-Harare,263,3,0,5t,1,0,3,1.68,0.72,494.79
Harare-Bulawayo,440,5,0,30t,1,0,1,1.68,0.72,1113.84
Harare-Gweru,275,3,0,30t,3,0,4,1.68,0.72,734.75
Bulawayo-Vic Falls,435,4,0,5t,1,0,1,1.68,0.72,706.0
Harare-Gweru,275,3,0,14t,2,1,4,1.68,0.72,393.36
Harare-Bulawayo,440,5,0,14t,2,1,1,1.68,0.72,652.79
Harare-Beitbridge,580,6,122,14t,2,1,2,1.68,0.72,790.1
Bulawayo-Vic Falls,435,4,0,5t,5,0,3,1.68,0.72,671.57
Harare-Gweru,275,3,0,30t,2,0,2,1.68,0.72,842.29
Harare-Gweru,275,3,0,14t,2,0,1,1.68,0.72,718.87
Harare-Gweru,275,3,0,14t,2,0,1,1.68,0.72,718.87
Harare-Bulawayo,440,5,0,14t,1,0,3,1.68,0.72,687.01
Mutare-Harare,263,3,0,14t,1,0,5,1.68,0.72,422.02
Mutare-Harare,263,3,0,30t,2,0,3,1.68,0.72,760.15
Harare-Bulawayo,440,5,0,14t,2,0,4,1.68,0.72,647.73
Mutare-Harare,263,3,0,14t,2,0,2,1.68,0.72,643.31
Mutare-Harare,263,3,0,14t,3,0,3,1.68,0.72,598.42
Harare-Bulawayo,440,5,0,30t,1,1,5,1.68,0.72,632.25
Harare-Bulawayo,440,5,0,5t,2,0,5,1.68,0.72,479.45
Harare-Beitbridge,580,6,122,14t,3,0,3,1.68,0.72,1023.69
Harare-Bulawayo,440,5,0,5t,3,0,3,1.68,0.72,639.86
Mutare-Harare,263,3,0,30t,2,0,1,1.68,0.72,895.95
Harare-Bulawayo,440,5,0,14t,2,1,3,1.68,0.72,531.17
Mutare-Harare,263,3,0,30t,4,1,3,1.68,0.72,646.73
Harare-Bulawayo,440,5,0,5t,1,0,1,1.68,0.72,721.01
Bulawayo-Vic Falls,435,4,0,14t,3,0,2,1.68,0.72,797.43
Harare-Bulawayo,440,5,0,5t,5,0,3,1.68,0.72,689.08
Harare-Gweru,275,3,0,5t,1,0,2,1.68,0.72,564.7
Harare-Bulawayo,440,5,0,30t,1,0,5,1.68,0.72,853.11
Bulawayo-Vic Falls,435,4,0,30t,4,0,1,1.68,0.72,1217.33
Mutare-Harare,263,3,0,5t,4,1,4,1.68,0.72,384.31
Harare-Gweru,275,3,0,30t,2,0,1,1.68,0.72,910.19
Bulawayo-Vic Falls,435,4,0,5t,5,0,2,1.68,0.72,747.62
Bulawayo-Vic Falls,435,4,0,30t,1,1,3,1.68,0.72,752.62
Harare-Bulawayo,440,5,0,30t,1,0,4,1.68,0.72,918.29
Bulawayo-Vic Falls,435,4,0,30t,3,0,2,1.68,0.72,1101.63
Harare-Beitbridge,580,6,122,30t,4,0,2,1.68,0.72,1567.38
Bulawayo-Vic Falls,435,4,0,14t,3,1,5,1.68,0.72,438.53
Harare-Beitbridge,580,6,122,14t,2,0,3,1.68,0.72,984.32
Harare-Beitbridge,580,6,122,14t,3,0,4,1.68,0.72,953.08
Harare-Bulawayo,440,5,0,30t,2,0,5,1.68,0.72,888.65
Bulawayo-Vic Falls,435,4,0,14t,2,1,3,1.68,0.72,520.14
Harare-Bulawayo,440,5,0,14t,2,0,3,1.68,0.72,715.63
Bulawayo-Vic Falls,435,4,0,14t,1,1,3,1.68,0.72,495.19
Harare-Bulawayo,440,5,0,14t,4,0,4,1.68,0.72,699.55
Mutare-Harare,263,3,0,5t,3,1,3,1.68,0.72,389.88
Harare-Bulawayo,440,5,0,5t,4,1,2,1.68,0.72,548.95
Harare-Beitbridge,580,6,122,30t,2,0,1,1.68,0.72,1519.18
Bulawayo-Vic Falls,435,4,0,14t,2,0,4,1.68,0.72,630.96
Bulawayo-Vic Falls,435,4,0,30t,3,0,4,1.68,0.72,960.4
Harare-Gweru,275,3,0,14t,5,0,3,1.68,0.72,653.04
Bulawayo-Vic Falls,435,4,0,14t,4,1,1,1.68,0.72,660.66
Bulawayo-Vic Falls,435,4,0,30t,2,0,4,1.68,0.72,923.46
Mutare-Harare,263,3,0,5t,5,0,2,1.68,0.72,653.3
Harare-Beitbridge,580,6,122,5t,4,0,3,1.68,0.72,920.16
Mutare-Harare,263,3,0,14t,4,0,4,1.68,0.72,548.11
Harare-Bulawayo,440,5,0,30t,1,0,2,1.68,0.72,1048.66
Mutare-Harare,263,3,0,30t,1,1,5,1.68,0.72,470.37
Harare-Beitbridge,580,6,122,5t,4,1,5,1.68,0.72,587.48
Harare-Bulawayo,440,5,0,5t,5,0,2,1.68,0.72,765.13
Harare-Beitbridge,580,6,122,14t,5,1,1,1.68,0.72,965.19
Bulawayo-Vic Falls,435,4,0,30t,5,0,1,1.68,0.72,1262.42
Harare-Gweru,275,3,0,30t,2,1,2,1.68,0.72,663.89
Bulawayo-Vic Falls,435,4,0,14t,3,1,3,1.68,0.72,514.57
Harare-Bulawayo,440,5,0,5t,4,0,5,1.68,0.72,517.81
Mutare-Harare,263,3,0,5t,4,0,2,1.68,0.72,629.97
Harare-Bulawayo,440,5,0,14t,5,1,2,1.68,0.72,618.58
Mutare-Harare,263,3,0,14t,2,0,4,1.68,0.72,507.51
Harare-Bulawayo,440,5,0,14t,1,1,1,1.68,0.72,589.73
Mutare-Harare,263,3,0,5t,2,0,2,1.68,0.72,583.3
Harare-Beitbridge,580,6,122,5t,3,0,4,1.68,0.72,815.46
Bulawayo-Vic Falls,435,4,0,14t,5,0,2,1.68,0.72,858.77
Mutare-Harare,263,3,0,5t,5,1,5,1.68,0.72,320.13
Harare-Beitbridge,580,6,122,14t,5,0,1,1.68,0.72,1254.54
Mutare-Harare,263,3,0,30t,5,0,1,1.68,0.72,1003.46
Harare-Gweru,275,3,0,5t,2,1,3,1.68,0.72,381.28
Bulawayo-Vic Falls,435,4,0,14t,5,0,3,1.68,0.72,782.72
Mutare-Harare,263,3,0,14t,5,0,1,1.68,0.72,796.55
Harare-Gweru,275,3,0,5t,5,0,2,1.68,0.72,658.82
Harare-Gweru,275,3,0,30t,3,0,2,1.68,0.72,875.98
Harare-Beitbridge,580,6,122,5t,3,1,5,1.68,0.72,566.9
Harare-Bulawayo,440,5,0,5t,4,1,2,1.68,0.72,553.77
Harare-Beitbridge,580,6,122,30t,5,0,4,1.68,0.72,1473.34
Mutare-Harare,263,3,0,30t,4,0,2,1.68,0.72,894.29
Mutare-Harare,263,3,0,30t,5,0,5,1.68,0.72,699.27
Bulawayo-Vic Falls,435,4,0,30t,4,0,2,1.68,0.72,1144.0
Harare-Bulawayo,440,5,0,30t,5,0,3,1.68,0.72,1147.39
Harare-Beitbridge,580,6,122,5t,3,0,1,1.68,0.72,1027.31
Mutare-Harare,263,3,0,5t,1,0,2,1.68,0.72,559.97
Mutare-Harare,263,3,0,30t,2,0,1,1.68,0.72,895.95
Mutare-Harare,263,3,0,5t,5,0,5,1.68,0.72,425.16
Harare-Beitbridge,580,6,122,5t,1,0,5,1.68,0.72,687.55
Mutare-Harare,263,3,0,30t,5,0,1,1.68,0.72,1003.46
Bulawayo-Vic Falls,435,4,0,30t,3,0,3,1.68,0.72,1031.02
Harare-Bulawayo,440,5,0,14t,5,0,3,1.68,0.72,801.51
Mutare-Harare,263,3,0,30t,5,1,4,1.68,0.72,601.18
Harare-Beitbridge,580,6,122,5t,1,1,1,1.68,0.72,690.04
Harare-Bulawayo,440,5,0,30t,4,0,2,1.68,0.72,1179.74
Bulawayo-Vic Falls,435,4,0,30t,1,1,4,1.68,0.72,702.67
Mutare-Harare,263,3,0,30t,3,0,1,1.68,0.72,931.79
Bulawayo-Vic Falls,435,4,0,14t,3,1,1,1.68,0.72,623.36
Harare-Beitbridge,580,6,122,30t,4,1,1,1.68,0.72,1299.76
Harare-Bulawayo,440,5,0,30t,5,0,1,1.68,0.72,1299.48
Mutare-Harare,263,3,0,14t,3,0,4,1.68,0.72,527.81
Bulawayo-Vic Falls,435,4,0,14t,2,1,5,1.68,0.72,426.47
Mutare-Harare,263,3,0,5t,5,0,3,1.68,0.72,577.25
Bulawayo-Vic Falls,435,4,0,5t,1,0,1,1.68,0.72,706.0
Harare-Beitbridge,580,6,122,5t,1,0,4,1.68,0.72,752.73
Bulawayo-Vic Falls,435,4,0,14t,4,1,3,1.68,0.72,600.25
Harare-Bulawayo,440,5,0,5t,3,1,2,1.68,0.72,512.63
Mutare-Harare,263,3,0,5t,5,1,5,1.68,0.72,322.99
Mutare-Harare,263,3,0,5t,1,0,4,1.68,0.72,429.6
Harare-Bulawayo,440,5,0,14t,5,1,4,1.68,0.72,554.66
Harare-Gweru,275,3,0,30t,3,0,3,1.68,0.72,805.36
Harare-Gweru,275,3,0,30t,4,0,1,1.68,0.72,983.0
Harare-Bulawayo,440,5,0,30t,1,0,4,1.68,0.72,918.29
Harare-Bulawayo,440,5,0,14t,2,0,5,1.68,0.72,579.83
Harare-Gweru,275,3,0,30t,4,0,3,1.68,0.72,836.34
Bulawayo-Vic Falls,435,4,0,5t,5,0,4,1.68,0.72,595.52
Harare-Gweru,275,3,0,30t,1,0,2,1.68,0.72,808.59
Harare-Bulawayo,440,5,0,14t,4,1,1,1.68,0.72,700.03
Harare-Beitbridge,580,6,122,5t,2,1,5,1.68,0.72,535.97
Bulawayo-Vic Falls,435,4,0,14t,5,0,5,1.68,0.72,630.63
Harare-Gweru,275,3,0,30t,3,0,1,1.68,0.72,946.59
Harare-Bulawayo,440,5,0,5t,3,1,4,1.68,0.72,409.98
Bulawayo-Vic Falls,435,4,0,5t,2,0,3,1.68,0.72,599.62
Mutare-Harare,263,3,0,5t,3,0,3,1.68,0.72,536.02
Mutare-Harare,263,3,0,30t,2,1,5,1.68,0.72,437.63
Harare-Bulawayo,440,5,0,5t,4,0,2,1.68,0.72,737.8
Bulawayo-Vic Falls,435,4,0,30t,5,0,3,1.68,0.72,1110.33
Harare-Gweru,275,3,0,30t,5,0,4,1.68,0.72,791.26
Harare-Beitbridge,580,6,122,5t,5,0,5,1.68,0.72,802.14
Mutare-Harare,263,3,0,5t,4,0,2,1.68,0.72,629.97
Bulawayo-Vic Falls,435,4,0,5t,3,0,4,1.68,0.72,552.99
Harare-Bulawayo,440,5,0,30t,3,0,3,1.68,0.72,1065.43
Harare-Beitbridge,580,6,122,30t,2,0,1,1.68,0.72,1519.18
Harare-Bulawayo,440,5,0,5t,3,0,4,1.68,0.72,569.24
Mutare-Harare,263,3,0,30t,4,1,4,1.68,0.72,572.88
Harare-Beitbridge,580,6,122,30t,1,0,3,1.68,0.72,1328.04
Harare-Beitbridge,580,6,122,14t,2,1,1,1.68,0.72,813.54
Harare-Bulawayo,440,5,0,5t,1,0,5,1.68,0.72,460.27
Harare-Beitbridge,580,6,122,5t,1,0,1,1.68,0.72,948.29
Bulawayo-Vic Falls,435,4,0,5t,4,0,1,1.68,0.72,794.25
Harare-Bulawayo,440,5,0,14t,1,1,5,1.68,0.72,421.99
Harare-Beitbridge,580,6,122,14t,5,0,4,1.68,0.72,1026.39
Mutare-Harare,263,3,0,5t,4,0,4,1.68,0.72,483.3
Harare-Bulawayo,440,5,0,30t,2,0,1,1.68,0.72,1160.25
Harare-Gweru,275,3,0,5t,5,0,3,1.68,0.72,582.77
Harare-Bulawayo,440,5,0,14t,1,0,2,1.68,0.72,752.19
Harare-Gweru,275,3,0,5t,2,0,3,1.68,0.72,520.33
Harare-Beitbridge,580,6,122,30t,2,0,4,1.68,0.72,1315.48
Bulawayo-Vic Falls,435,4,0,30t,5,0,2,1.68,0.72,1186.37
Harare-Gweru,275,3,0,5t,4,0,3,1.68,0.72,561.96
Mutare-Harare,263,3,0,5t,1,0,4,1.68,0.72,429.6
Harare-Beitbridge,580,6,122,14t,4,0,1,1.68,0.72,1209.73
Mutare-Harare,263,3,0,5t,2,0,4,1.68,0.72,447.5
Harare-Beitbridge,580,6,122,5t,3,0,5,1.68,0.72,744.85
Harare-Beitbridge,580,6,122,5t,2,0,1,1.68,0.72,987.8
Mutare-Harare,263,3,0,30t,3,1,1,1.68,0.72,716.22
Harare-Bulawayo,440,5,0,30t,3,1,1,1.68,0.72,855.57
Mutare-Harare,263,3,0,30t,4,0,5,1.68,0.72,674.3
Harare-Gweru,275,3,0,14t,2,0,4,1.68,0.72,515.17
Harare-Bulawayo,440,5,0,5t,5,0,2,1.68,0.72,765.13
Harare-Beitbridge,580,6,122,5t,4,0,5,1.68,0.72,773.49
Harare-Bulawayo,440,5,0,30t,4,1,4,1.68,0.72,799.81
Harare-Bulawayo,440,5,0,5t,5,1,4,1.68,0.72,469.77
Harare-Beitbridge,580,6,122,14t,2,1,1,1.68,0.72,867.37
Bulawayo-Vic Falls,435,4,0,5t,5,0,5,1.68,0.72,519.47
Bulawayo-Vic Falls,435,4,0,14t,5,0,2,1.68,0.72,858.77
Bulawayo-Vic Falls,435,4,0,14t,4,0,4,1.68,0.72,681.44
Harare-Beitbridge,580,6,122,14t,1,0,4,1.68,0.72,879.76
Bulawayo-Vic Falls,435,4,0,5t,3,0,4,1.68,0.72,552.99
Harare-Gweru,275,3,0,30t,3,0,5,1.68,0.72,664.13
Harare-Beitbridge,580,6,122,14t,1,0,1,1.68,0.72,1075.32
Harare-Beitbridge,580,6,122,5t,5,1,1,1.68,0.72,798.41
Harare-Bulawayo,440,5,0,30t,2,0,5,1.68,0.72,888.65
Harare-Gweru,275,3,0,14t,4,1,1,1.68,0.72,601.98
Harare-Gweru,275,3,0,14t,1,0,3,1.68,0.72,559.75
Bulawayo-Vic Falls,435,4,0,14t,2,0,1,1.68,0.72,834.66
Bulawayo-Vic Falls,435,4,0,30t,2,1,2,1.68,0.72,824.17
Mutare-Harare,263,3,0,14t,3,0,3,1.68,0.72,598.42
Bulawayo-Vic Falls,435,4,0,14t,3,0,4,1.68,0.72,656.2
Harare-Bulawayo,440,5,0,5t,2,0,2,1.68,0.72,683.15
Bulawayo-Vic Falls,435,4,0,14t,3,0,4,1.68,0.72,656.2
Bulawayo-Vic Falls,435,4,0,30t,2,1,5,1.68,0.72,680.35
Harare-Beitbridge,580,6,122,5t,4,0,1,1.68,0.72,1066.82
Harare-Gweru,275,3,0,14t,1,1,5,1.68,0.72,332.16
Mutare-Harare,263,3,0,5t,2,0,4,1.68,0.72,447.5
Mutare-Harare,263,3,0,5t,2,1,2,1.68,0.72,462.96
Bulawayo-Vic Falls,435,4,0,14t,4,0,5,1.68,0.72,608.1
Bulawayo-Vic Falls,435,4,0,5t,5,0,3,1.68,0.72,671.57
Harare-Beitbridge,580,6,122,30t,4,0,5,1.68,0.72,1347.38
Harare-Bulawayo,440,5,0,5t,2,0,3,1.68,0.72,615.25
Bulawayo-Vic Falls,435,4,0,30t,3,1,4,1.68,0.72,750.28
Mutare-Harare,263,3,0,14t,3,0,1,1.68,0.72,739.65
Mutare-Harare,263,3,0,5t,2,0,2,1.68,0.72,583.3
Mutare-Harare,263,3,0,14t,3,0,4,1.68,0.72,527.81
Harare-Beitbridge,580,6,122,30t,5,0,2,1.68,0.72,1625.43
Harare-Bulawayo,440,5,0,5t,5,0,3,1.68,0.72,689.08
Harare-Bulawayo,440,5,0,5t,2,0,2,1.68,0.72,683.15
Harare-Bulawayo,440,5,0,14t,1,0,2,1.68,0.72,752.19
Mutare-Harare,263,3,0,14t,3,0,3,1.68,0.72,598.42
Harare-Gweru,275,3,0,5t,2,0,4,1.68,0.72,452.43
Bulawayo-Vic Falls,435,4,0,14t,1,1,5,1.68,0.72,414.58
Mutare-Harare,263,3,0,30t,3,0,5,1.68,0.72,649.32
Harare-Bulawayo,440,5,0,30t,1,0,1,1.68,0.72,1113.84
Mutare-Harare,263,3,0,30t,1,1,1,1.68,0.72,659.08
Bulawayo-Vic Falls,435,4,0,5t,5,0,5,1.68,0.72,519.47
Harare-Bulawayo,440,5,0,30t,4,0,1,1.68,0.72,1253.07
Bulawayo-Vic Falls,435,4,0,30t,1,0,3,1.68,0.72,951.71
Harare-Bulawayo,440,5,0,30t,5,0,2,1.68,0.72,1223.44
Harare-Gweru,275,3,0,14t,3,0,1,1.68,0.72,747.63
Bulawayo-Vic Falls,435,4,0,30t,3,0,5,1.68,0.72,889.78
Harare-Beitbridge,580,6,122,14t,4,0,1,1.68,0.72,1209.73
Harare-Beitbridge,580,6,122,14t,1,0,4,1.68,0.72,879.76
Harare-Bulawayo,440,5,0,14t,5,1,5,1.68,0.72,458.52
Harare-Bulawayo,440,5,0,5t,3,0,2,1.68,0.72,710.48
Harare-Gweru,275,3,0,14t,3,1,4,1.68,0.72,379.82
Bulawayo-Vic Falls,435,4,0,30t,2,0,1,1.68,0.72,1127.16
Mutare-Harare,263,3,0,30t,5,0,5,1.68,0.72,699.27
Mutare-Harare,263,3,0,30t,1,0,4,1.68,0.72,664.56
Harare-Bulawayo,440,5,0,30t,3,0,3,1.68,0.72,1065.43
Bulawayo-Vic Falls,435,4,0,14t,4,1,5,1.68,0.72,472.12
Bulawayo-Vic Falls,435,4,0,5t,4,0,4,1.68,0.72,574.25
Harare-Bulawayo,440,5,0,5t,1,1,1,1.68,0.72,566.84
Mutare-Harare,263,3,0,30t,3,1,5,1.68,0.72,457.16
Harare-Beitbridge,580,6,122,5t,3,0,4,1.68,0.72,815.46
Harare-Beitbridge,580,6,122,5t,1,0,1,1.68,0.72,948.29
Harare-Bulawayo,440,5,0,14t,3,0,3,1.68,0.72,744.26
Bulawayo-Vic Falls,435,4,0,14t,3,0,4,1.68,0.72,656.2
Harare-Bulawayo,440,5,0,14t,3,0,4,1.68,0.72,673.64
Mutare-Harare,263,3,0,5t,3,0,4,1.68,0.72,465.4
Bulawayo-Vic Falls,435,4,0,30t,1,0,3,1.68,0.72,951.71
Harare-Bulawayo,440,5,0,5t,2,1,1,1.68,0.72,545.78
Harare-Gweru,275,3,0,14t,2,0,4,1.68,0.72,515.17
Mutare-Harare,263,3,0,14t,5,0,2,1.68,0.72,720.5
Harare-Bulawayo,440,5,0,5t,2,0,2,1.68,0.72,683.15
Harare-Beitbridge,580,6,122,14t,3,1,5,1.68,0.72,674.62
Harare-Bulawayo,440,5,0,5t,2,0,4,1.68,0.72,547.35
Harare-Bulawayo,440,5,0,5t,4,0,3,1.68,0.72,664.47
Mutare-Harare,263,3,0,5t,4,0,4,1.68,0.72,483.3
Mutare-Harare,263,3,0,30t,1,0,2,1.68,0.72,794.93
Harare-Bulawayo,440,5,0,5t,4,1,4,1.68,0.72,427.37
Harare-Gweru,275,3,0,5t,1,0,3,1.68,0.72,499.52
Bulawayo-Vic Falls,435,4,0,30t,3,0,4,1.68,0.72,960.4
Harare-Beitbridge,580,6,122,30t,1,0,4,1.68,0.72,1262.86
Bulawayo-Vic Falls,435,4,0,5t,2,1,2,1.68,0.72,475.4
Harare-Gweru,275,3,0,14t,3,0,3,1.68,0.72,606.39
Bulawayo-Vic Falls,435,4,0,14t,3,0,3,1.68,0.72,726.81
Harare-Beitbridge,580,6,122,30t,4,0,3,1.68,0.72,1494.05
Mutare-Harare,263,3,0,30t,1,0,2,1.68,0.72,794.93
Mutare-Harare,263,3,0,14t,4,0,4,1.68,0.72,548.11
Harare-Beitbridge,580,6,122,30t,5,0,5,1.68,0.72,1397.29
Bulawayo-Vic Falls,435,4,0,5t,3,1,1,1.68,0.72,583.0
Bulawayo-Vic Falls,435,4,0,30t,1,0,1,1.68,0.72,1082.08
Bulawayo-Vic Falls,435,4,0,30t,3,0,3,1.68,0.72,1031.02
Bulawayo-Vic Falls,435,4,0,30t,4,1,3,1.68,0.72,764.64
Bulawayo-Vic Falls,435,4,0,30t,3,0,5,1.68,0.72,889.78
Mutare-Harare,263,3,0,30t,2,1,2,1.68,0.72,585.8
Mutare-Harare,263,3,0,5t,2,0,5,1.68,0.72,379.6
Harare-Gweru,275,3,0,30t,3,0,5,1.68,0.72,664.13
Harare-Gweru,275,3,0,5t,4,0,4,1.68,0.72,488.63
Harare-Gweru,275,3,0,5t,5,1,1,1.68,0.72,531.4
Harare-Beitbridge,580,6,122,5t,1,1,1,1.68,0.72,677.26
Harare-Bulawayo,440,5,0,5t,5,0,3,1.68,0.72,689.08
Harare-Beitbridge,580,6,122,30t,4,0,4,1.68,0.72,1420.72
Bulawayo-Vic Falls,435,4,0,5t,5,0,4,1.68,0.72,595.52
Bulawayo-Vic Falls,435,4,0,14t,4,0,4,1.68,0.72,681.44
Mutare-Harare,263,3,0,5t,4,0,4,1.68,0.72,483.3
Harare-Gweru,275,3,0,14t,4,0,4,1.68,0.72,556.38
Harare-Bulawayo,440,5,0,30t,1,0,3,1.68,0.72,983.48
Mutare-Harare,263,3,0,30t,2,0,4,1.68,0.72,692.25
Bulawayo-Vic Falls,435,4,0,5t,2,0,3,1.68,0.72,599.62
Harare-Gweru,275,3,0,30t,1,0,5,1.68,0.72,613.04
Harare-Beitbridge,580,6,122,14t,5,0,1,1.68,0.72,1254.54
Harare-Beitbridge,580,6,122,14t,5,1,5,1.68,0.72,672.76
Harare-Beitbridge,580,6,122,30t,5,0,3,1.68,0.72,1549.38
Harare-Gweru,275,3,0,5t,3,0,1,1.68,0.72,682.38
Harare-Gweru,275,3,0,14t,5,0,1,1.68,0.72,805.14
Mutare-Harare,263,3,0,5t,3,0,5,1.68,0.72,394.79
Harare-Beitbridge,580,6,122,14t,2,1,1,1.68,0.72,826.52
Harare-Bulawayo,440,5,0,30t,4,0,5,1.68,0.72,959.75
Bulawayo-Vic Falls,435,4,0,14t,1,1,3,1.68,0.72,490.69
Mutare-Harare,263,3,0,30t,4,0,1,1.68,0.72,967.63
Harare-Gweru,275,3,0,30t,2,0,1,1.68,0.72,910.19
Harare-Beitbridge,580,6,122,14t,1,1,5,1.68,0.72,616.46
Mutare-Harare,263,3,0,5t,5,0,4,1.68,0.72,501.2
Harare-Beitbridge,580,6,122,30t,2,0,1,1.68,0.72,1519.18
Mutare-Harare,263,3,0,30t,4,0,3,1.68,0.72,820.96
Mutare-Harare,263,3,0,5t,2,1,2,1.68,0.72,421.91
Bulawayo-Vic Falls,435,4,0,14t,1,0,4,1.68,0.72,605.72
Harare-Bulawayo,440,5,0,14t,5,1,4,1.68,0.72,508.46
Harare-Bulawayo,440,5,0,5t,2,0,4,1.68,0.72,547.35
Bulawayo-Vic Falls,435,4,0,30t,1,1,3,1.68,0.72,743.87
Harare-Beitbridge,580,6,122,14t,5,1,5,1.68,0.72,720.46
Harare-Bulawayo,440,5,0,14t,5,0,3,1.68,0.72,801.51
Harare-Bulawayo,440,5,0,5t,1,1,3,1.68,0.72,467.34
Bulawayo-Vic Falls,435,4,0,5t,3,0,4,1.68,0.72,552.99
Mutare-Harare,263,3,0,5t,2,0,2,1.68,0.72,583.3
Harare-Gweru,275,3,0,5t,5,1,2,1.68,0.72,497.15
Bulawayo-Vic Falls,435,4,0,5t,4,0,1,1.68,0.72,794.25
Mutare-Harare,263,3,0,14t,3,0,3,1.68,0.72,598.42
Harare-Beitbridge,580,6,122,30t,4,0,2,1.68,0.72,1567.38
Harare-Gweru,275,3,0,5t,5,0,5,1.68,0.72,430.68
Bulawayo-Vic Falls,435,4,0,30t,5,0,5,1.68,0.72,958.23
Harare-Beitbridge,580,6,122,5t,2,0,5,1.68,0.72,716.2
Harare-Bulawayo,440,5,0,30t,5,0,3,1.68,0.72,1147.39
Harare-Gweru,275,3,0,14t,3,1,3,1.68,0.72,476.16
Mutare-Harare,263,3,0,30t,2,1,5,1.68,0.72,466.65
Mutare-Harare,263,3,0,5t,4,0,1,1.68,0.72,703.3
Mutare-Harare,263,3,0,30t,4,1,4,1.68,0.72,542.78
Bulawayo-Vic Falls,435,4,0,14t,1,0,3,1.68,0.72,670.91
Harare-Beitbridge,580,6,122,30t,4,0,4,1.68,0.72,1420.72
Bulawayo-Vic Falls,435,4,0,5t,3,0,3,1.68,0.72,623.6
Harare-Beitbridge,580,6,122,30t,2,0,3,1.68,0.72,1383.38
Harare-Beitbridge,580,6,122,30t,2,0,4,1.68,0.72,1315.48
Harare-Gweru,275,3,0,30t,4,0,5,1.68,0.72,689.67
Harare-Bulawayo,440,5,0,5t,5,0,1,1.68,0.72,841.18
Harare-Gweru,275,3,0,30t,3,0,2,1.68,0.72,875.98
Harare-Beitbridge,580,6,122,30t,3,0,2,1.68,0.72,1509.33
Harare-Beitbridge,580,6,122,5t,1,0,2,1.68,0.72,883.1
Harare-Gweru,275,3,0,30t,4,0,4,1.68,0.72,763.0
Harare-Beitbridge,580,6,122,30t,4,1,4,1.68,0.72,1135.94
Harare-Beitbridge,580,6,122,30t,5,1,3,1.68,0.72,1131.23
Harare-Beitbridge,580,6,122,30t,3,0,4,1.68,0.72,1368.1
Mutare-Harare,263,3,0,30t,5,0,1,1.68,0.72,1003.46
Mutare-Harare,263,3,0,14t,1,0,1,1.68,0.72,682.76
Bulawayo-Vic Falls,435,4,0,30t,3,0,5,1.68,0.72,889.78
Harare-Gweru,275,3,0,14t,3,0,1,1.68,0.72,747.63
Harare-Gweru,275,3,0,14t,5,0,3,1.68,0.72,653.04
Harare-Beitbridge,580,6,122,5t,5,1,4,1.68,0.72,630.71
Harare-Gweru,275,3,0,5t,2,0,4,1.68,0.72,452.43
Bulawayo-Vic Falls,435,4,0,14t,2,0,5,1.68,0.72,563.06
Harare-Gweru,275,3,0,5t,3,0,2,1.68,0.72,611.76
Harare-Beitbridge,580,6,122,30t,5,0,3,1.68,0.72,1549.38
Harare-Gweru,275,3,0,5t,1,0,2,1.68,0.72,564.7
Mutare-Harare,263,3,0,14t,1,0,5,1.68,0.72,422.02
Harare-Gweru,275,3,0,14t,3,0,1,1.68,0.72,747.63
Mutare-Harare,263,3,0,14t,1,0,2,1.68,0.72,617.57
Harare-Bulawayo,440,5,0,14t,1,0,3,1.68,0.72,687.01
Harare-Bulawayo,440,5,0,14t,2,0,1,1.68,0.72,851.43
Bulawayo-Vic Falls,435,4,0,14t,1,0,5,1.68,0.72,540.54
Bulawayo-Vic Falls,435,4,0,14t,2,0,1,1.68,0.72,834.66
Harare-Beitbridge,580,6,122,5t,4,1,4,1.68,0.72,619.94
Harare-Gweru,275,3,0,30t,1,0,2,1.68,0.72,808.59
Mutare-Harare,263,3,0,5t,4,0,4,1.68,0.72,483.3
Mutare-Harare,263,3,0,5t,1,0,4,1.68,0.72,429.6
Harare-Beitbridge,580,6,122,5t,5,0,2,1.68,0.72,1030.29
Bulawayo-Vic Falls,435,4,0,30t,2,0,3,1.68,0.72,991.36
Bulawayo-Vic Falls,435,4,0,14t,3,1,1,1.68,0.72,685.21
Bulawayo-Vic Falls,435,4,0,5t,5,0,2,1.68,0.72,747.62
Harare-Beitbridge,580,6,122,14t,4,0,5,1.68,0.72,916.4
Harare-Beitbridge,580,6,122,30t,5,0,4,1.68,0.72,1473.34
Harare-Beitbridge,580,6,122,14t,1,0,5,1.68,0.72,814.58
Harare-Gweru,275,3,0,30t,1,0,4,1.68,0.72,678.23
Bulawayo-Vic Falls,435,4,0,30t,3,0,1,1.68,0.72,1172.25
Harare-Beitbridge,580,6,122,14t,1,0,4,1.68,0.72,879.76
Harare-Bulawayo,440,5,0,30t,5,0,3,1.68,0.72,1147.39
Harare-Beitbridge,580,6,122,14t,3,1,2,1.68,0.72,818.04
Harare-Beitbridge,580,6,122,5t,2,0,1,1.68,0.72,987.8
Harare-Beitbridge,580,6,122,5t,1,0,5,1.68,0.72,687.55
Harare-Gweru,275,3,0,30t,5,0,3,1.68,0.72,867.31
Harare-Gweru,275,3,0,14t,4,0,5,1.68,0.72,483.05
Harare-Beitbridge,580,6,122,14t,4,0,3,1.68,0.72,1063.07
Mutare-Harare,263,3,0,5t,4,0,1,1.68,0.72,703.3
Bulawayo-Vic Falls,435,4,0,5t,3,0,4,1.68,0.72,552.99
Mutare-Harare,263,3,0,30t,4,0,5,1.68,0.72,674.3
Mutare-Harare,263,3,0,30t,2,1,3,1.68,0.72,575.92
Mutare-Harare,263,3,0,30t,1,1,1,1.68,0.72,669.07
Harare-Gweru,275,3,0,14t,3,1,1,1.68,0.72,537.08
Bulawayo-Vic Falls,435,4,0,30t,1,0,4,1.68,0.72,886.52
Bulawayo-Vic Falls,435,4,0,14t,1,0,1,1.68,0.72,801.27
Harare-Gweru,275,3,0,14t,5,0,4,1.68,0.72,576.99
Harare-Beitbridge,580,6,122,14t,4,0,1,1.68,0.72,1209.73
Harare-Gweru,275,3,0,5t,1,0,4,1.68,0.72,434.33
Mutare-Harare,263,3,0,5t,3,0,3,1.68,0.72,536.02
Harare-Bulawayo,440,5,0,14t,2,0,2,1.68,0.72,783.53
Harare-Bulawayo,440,5,0,30t,4,0,2,1.68,0.72,1179.74
Bulawayo-Vic Falls,435,4,0,30t,2,0,2,1.68,0.72,1059.26
Bulawayo-Vic Falls,435,4,0,14t,1,0,4,1.68,0.72,605.72
Mutare-Harare,263,3,0,5t,1,0,1,1.68,0.72,625.16
Bulawayo-Vic Falls,435,4,0,14t,2,0,1,1.68,0.72,834.66
Bulawayo-Vic Falls,435,4,0,14t,5,1,2,1.68,0.72,618.56
Bulawayo-Vic Falls,435,4,0,30t,4,0,3,1.68,0.72,1070.67
Bulawayo-Vic Falls,435,4,0,30t,4,0,2,1.68,0.72,1144.0
Harare-Gweru,275,3,0,14t,2,0,4,1.68,0.72,515.17
Mutare-Harare,263,3,0,30t,3,0,2,1.68,0.72,861.17
Harare-Beitbridge,580,6,122,30t,1,0,4,1.68,0.72,1262.86
Harare-Beitbridge,580,6,122,5t,4,0,5,1.68,0.72,773.49
Harare-Beitbridge,580,6,122,30t,5,0,1,1.68,0.72,1701.48
Harare-Bulawayo,440,5,0,30t,3,0,5,1.68,0.72,924.2
Harare-Beitbridge,580,6,122,30t,1,0,4,1.68,0.72,1262.86
Harare-Gweru,275,3,0,5t,5,1,2,1.68,0.72,469.88
Harare-Bulawayo,440,5,0,14t,4,1,2,1.68,0.72,610.16
Bulawayo-Vic Falls,435,4,0,14t,4,0,4,1.68,0.72,681.44
Harare-Gweru,275,3,0,14t,4,1,4,1.68,0.72,426.61
Harare-Gweru,275,3,0,30t,4,1,5,1.68,0.72,507.25
Harare-Bulawayo,440,5,0,14t,1,0,3,1.68,0.72,687.01
Harare-Bulawayo,440,5,0,5t,4,0,4,1.68,0.72,591.14
Harare-Beitbridge,580,6,122,14t,1,0,1,1.68,0.72,1075.32
Harare-Beitbridge,580,6,122,5t,2,0,3,1.68,0.72,852.0
Harare-Gweru,275,3,0,30t,2,0,3,1.68,0.72,774.39
Harare-Gweru,275,3,0,14t,2,0,4,1.68,0.72,515.17
Harare-Beitbridge,580,6,122,14t,1,0,3,1.68,0.72,944.95
Harare-Bulawayo,440,5,0,30t,4,0,1,1.68,0.72,1253.07
Harare-Gweru,275,3,0,30t,3,0,2,1.68,0.72,875.98
Harare-Gweru,275,3,0,14t,5,0,2,1.68,0.72,729.09
Mutare-Harare,263,3,0,5t,2,1,3,1.68,0.72,383.47
Harare-Bulawayo,440,5,0,5t,1,0,1,1.68,0.72,721.01
Bulawayo-Vic Falls,435,4,0,14t,5,0,5,1.68,0.72,630.63
Mutare-Harare,263,3,0,30t,2,0,3,1.68,0.72,760.15
Harare-Bulawayo,440,5,0,5t,5,0,4,1.68,0.72,613.03
Harare-Gweru,275,3,0,14t,1,1,1,1.68,0.72,493.05
Harare-Beitbridge,580,6,122,14t,4,1,5,1.68,0.72,711.68
Harare-Beitbridge,580,6,122,14t,1,0,4,1.68,0.72,879.76
Mutare-Harare,263,3,0,14t,2,0,2,1.68,0.72,643.31
Harare-Beitbridge,580,6,122,5t,3,0,5,1.68,0.72,744.85
Harare-Bulawayo,440,5,0,14t,2,0,5,1.68,0.72,579.83
Mutare-Harare,263,3,0,14t,2,0,1,1.68,0.72,711.21
Harare-Bulawayo,440,5,0,14t,4,0,5,1.68,0.72,626.22
Harare-Beitbridge,580,6,122,14t,3,1,5,1.68,0.72,678.99
Harare-Beitbridge,580,6,122,5t,4,1,5,1.68,0.72,553.65
Harare-Gweru,275,3,0,5t,4,0,3,1.68,0.72,561.96
Harare-Gweru,275,3,0,14t,4,0,5,1.68,0.72,483.05
Harare-Bulawayo,440,5,0,14t,1,0,2,1.68,0.72,752.19
Mutare-Harare,263,3,0,14t,1,1,5,1.68,0.72,336.5
Harare-Beitbridge,580,6,122,14t,3,0,5,1.68,0.72,882.46
Mutare-Harare,263,3,0,5t,3,0,5,1.68,0.72,394.79
Harare-Bulawayo,440,5,0,30t,5,0,1,1.68,0.72,1299.48
Harare-Gweru,275,3,0,14t,3,0,4,1.68,0.72,535.78
Mutare-Harare,263,3,0,30t,1,1,3,1.68,0.72,543.72
Bulawayo-Vic Falls,435,4,0,5t,2,1,5,1.68,0.72,334.62
Harare-Beitbridge,580,6,122,14t,1,0,2,1.68,0.72,1010.13
Bulawayo-Vic Falls,435,4,0,30t,5,1,1,1.68,0.72,927.16
Mutare-Harare,263,3,0,5t,5,0,4,1.68,0.72,501.2
Mutare-Harare,263,3,0,5t,4,0,3,1.68,0.72,556.64
Harare-Bulawayo,440,5,0,5t,5,1,1,1.68,0.72,659.81
Mutare-Harare,263,3,0,14t,3,0,3,1.68,0.72,598.42
Harare-Bulawayo,440,5,0,5t,4,0,4,1.68,0.72,591.14
Harare-Bulawayo,440,5,0,5t,4,1,3,1.68,0.72,487.39
Harare-Bulawayo,440,5,0,5t,5,0,5,1.68,0.72,536.98
Harare-Gweru,275,3,0,5t,5,1,2,1.68,0.72,472.93
Harare-Beitbridge,580,6,122,5t,5,0,1,1.68,0.72,1106.33
Harare-Beitbridge,580,6,122,5t,5,0,3,1.68,0.72,954.24
Harare-Bulawayo,440,5,0,5t,3,0,5,1.68,0.72,498.63
Harare-Beitbridge,580,6,122,5t,4,0,1,1.68,0.72,1066.82
Bulawayo-Vic Falls,435,4,0,14t,4,0,3,1.68,0.72,754.77
Mutare-Harare,263,3,0,14t,1,0,4,1.68,0.72,487.21
Harare-Beitbridge,580,6,122,5t,2,0,5,1.68,0.72,716.2
Harare-Gweru,275,3,0,30t,4,0,2,1.68,0.72,909.67
Bulawayo-Vic Falls,435,4,0,30t,3,0,2,1.68,0.72,1101.63
Harare-Gweru,275,3,0,5t,5,0,1,1.68,0.72,734.87
Mutare-Harare,263,3,0,30t,4,0,2,1.68,0.72,894.29
Mutare-Harare,263,3,0,30t,5,0,3,1.68,0.72,851.37
Harare-Bulawayo,440,5,0,5t,5,1,1,1.68,0.72,593.19
Harare-Bulawayo,440,5,0,14t,4,0,2,1.68,0.72,846.22
Bulawayo-Vic Falls,435,4,0,5t,3,0,2,1.68,0.72,694.22
Harare-Gweru,275,3,0,14t,1,0,3,1.68,0.72,559.75
Bulawayo-Vic Falls,435,4,0,5t,4,0,2,1.68,0.72,720.92
Bulawayo-Vic Falls,435,4,0,30t,5,0,4,1.68,0.72,1034.28
Mutare-Harare,263,3,0,30t,3,0,4,1.68,0.72,719.94
Mutare-Harare,263,3,0,5t,1,0,1,1.68,0.72,625.16
Harare-Beitbridge,580,6,122,14t,1,0,5,1.68,0.72,814.58
Bulawayo-Vic Falls,435,4,0,5t,5,0,1,1.68,0.72,823.67
Mutare-Harare,263,3,0,30t,1,0,2,1.68,0.72,794.93
Harare-Gweru,275,3,0,14t,4,0,1,1.68,0.72,776.38
Harare-Gweru,275,3,0,14t,4,1,5,1.68,0.72,358.33
Bulawayo-Vic Falls,435,4,0,5t,5,0,2,1.68,0.72,747.62
Harare-Beitbridge,580,6,122,14t,5,0,4,1.68,0.72,1026.39
Mutare-Harare,263,3,0,30t,1,0,4,1.68,0.72,664.56
Bulawayo-Vic Falls,435,4,0,30t,5,1,1,1.68,0.72,1005.71
Harare-Beitbridge,580,6,122,30t,3,0,5,1.68,0.72,1297.48
Mutare-Harare,263,3,0,5t,2,0,5,1.68,0.72,379.6
Bulawayo-Vic Falls,435,4,0,5t,1,0,3,1.68,0.72,575.63
Mutare-Harare,263,3,0,14t,5,1,3,1.68,0.72,514.3
Harare-Beitbridge,580,6,122,14t,2,0,4,1.68,0.72,916.42
Harare-Gweru,275,3,0,14t,1,0,3,1.68,0.72,559.75
Mutare-Harare,263,3,0,14t,4,0,4,1.68,0.72,548.11
Harare-Beitbridge,580,6,122,5t,2,0,1,1.68,0.72,987.8
Mutare-Harare,263,3,0,5t,1,0,5,1.68,0.72,364.42
Harare-Gweru,275,3,0,14t,1,0,3,1.68,0.72,559.75
Harare-Bulawayo,440,5,0,5t,1,0,5,1.68,0.72,460.27
Harare-Beitbridge,580,6,122,30t,5,1,1,1.68,0.72,1210.78
Harare-Beitbridge,580,6,122,5t,3,0,4,1.68,0.72,815.46
Mutare-Harare,263,3,0,5t,3,1,1,1.68,0.72,538.93
Harare-Gweru,275,3,0,30t,5,0,1,1.68,0.72,1019.41
Harare-Beitbridge,580,6,122,30t,2,0,3,1.68,0.72,1383.38
Harare-Beitbridge,580,6,122,5t,3,0,1,1.68,0.72,1027.31
Bulawayo-Vic Falls,435,4,0,30t,5,0,4,1.68,0.72,1034.28
Harare-Beitbridge,580,6,122,30t,3,0,3,1.68,0.72,1438.71
Mutare-Harare,263,3,0,30t,5,0,3,1.68,0.72,851.37
Bulawayo-Vic Falls,435,4,0,30t,3,1,1,1.68,0.72,831.78
Bulawayo-Vic Falls,435,4,0,30t,4,0,5,1.68,0.72,924.01
Harare-Beitbridge,580,6,122,14t,5,1,2,1.68,0.72,831.7
Harare-Gweru,275,3,0,30t,3,0,1,1.68,0.72,946.59
Harare-Gweru,275,3,0,14t,3,0,5,1.68,0.72,465.16
Harare-Bulawayo,440,5,0,14t,4,1,4,1.68,0.72,497.25
Mutare-Harare,263,3,0,14t,4,1,5,1.68,0.72,377.05
Bulawayo-Vic Falls,435,4,0,30t,5,0,5,1.68,0.72,958.23
Mutare-Harare,263,3,0,14t,4,0,2,1.68,0.72,694.77
Harare-Beitbridge,580,6,122,5t,2,0,2,1.68,0.72,919.9
Harare-Beitbridge,580,6,122,5t,2,0,3,1.68,0.72,852.0
Harare-Gweru,275,3,0,30t,3,0,5,1.68,0.72,664.13
Harare-Bulawayo,440,5,0,14t,3,0,1,1.68,0.72,885.49
Harare-Beitbridge,580,6,122,14t,2,0,2,1.68,0.72,1052.22
Harare-Bulawayo,440,5,0,30t,4,0,1,1.68,0.72,1253.07
Mutare-Harare,263,3,0,30t,4,1,2,1.68,0.72,649.66
Harare-Beitbridge,580,6,122,14t,4,0,5,1.68,0.72,916.4
Harare-Gweru,275,3,0,5t,3,0,4,1.68,0.72,470.53
Bulawayo-Vic Falls,435,4,0,14t,5,0,1,1.68,0.72,934.82
Harare-Beitbridge,580,6,122,14t,5,0,1,1.68,0.72,1254.54
Mutare-Harare,263,3,0,30t,1,0,4,1.68,0.72,664.56
Mutare-Harare,263,3,0,5t,3,1,5,1.68,0.72,285.57
Bulawayo-Vic Falls,435,4,0,30t,3,0,4,1.68,0.72,960.4
Harare-Bulawayo,440,5,0,30t,1,0,1,1.68,0.72,1113.84
Mutare-Harare,263,3,0,5t,4,0,2,1.68,0.72,629.97
Bulawayo-Vic Falls,435,4,0,14t,3,0,2,1.68,0.72,797.43
Harare-Beitbridge,580,6,122,30t,5,0,2,1.68,0.72,1625.43
Mutare-Harare,263,3,0,5t,1,1,3,1.68,0.72,355.85
Harare-Bulawayo,440,5,0,5t,2,0,4,1.68,0.72,547.35
Harare-Bulawayo,440,5,0,5t,4,0,3,1.68,0.72,664.47
Mutare-Harare,263,3,0,14t,3,0,2,1.68,0.72,669.04
Harare-Bulawayo,440,5,0,5t,2,0,1,1.68,0.72,751.05
Harare-Beitbridge,580,6,122,14t,3,0,4,1.68,0.72,953.08
Bulawayo-Vic Falls,435,4,0,14t,5,1,2,1.68,0.72,640.02
Harare-Gweru,275,3,0,14t,3,0,3,1.68,0.72,606.39
Bulawayo-Vic Falls,435,4,0,14t,3,0,2,1.68,0.72,797.43
Harare-Gweru,275,3,0,14t,4,0,4,1.68,0.72,556.38
Mutare-Harare,263,3,0,5t,2,0,4,1.68,0.72,447.5
Harare-Gweru,275,3,0,30t,4,1,1,1.68,0.72,780.46
Harare-Bulawayo,440,5,0,5t,1,1,1,1.68,0.72,550.59
Bulawayo-Vic Falls,435,4,0,30t,1,0,3,1.68,0.72,951.71
Mutare-Harare,263,3,0,30t,1,0,1,1.68,0.72,860.11
Harare-Bulawayo,440,5,0,30t,5,0,5,1.68,0.72,995.29
Harare-Beitbridge,580,6,122,14t,3,0,4,1.68,0.72,953.08
Harare-Beitbridge,580,6,122,5t,2,1,4,1.68,0.72,579.4
Harare-Bulawayo,440,5,0,5t,4,0,4,1.68,0.72,591.14
Harare-Beitbridge,580,6,122,14t,4,0,3,1.68,0.72,1063.07
Bulawayo-Vic Falls,435,4,0,5t,3,0,5,1.68,0.72,482.37
Bulawayo-Vic Falls,435,4,0,30t,1,0,1,1.68,0.72,1082.08
Harare-Bulawayo,440,5,0,14t,1,1,4,1.68,0.72,493.37
Harare-Bulawayo,440,5,0,30t,2,1,4,1.68,0.72,722.8
Mutare-Harare,263,3,0,14t,4,1,3,1.68,0.72,439.1
Bulawayo-Vic Falls,435,4,0,14t,5,1,4,1.68,0.72,517.68
Mutare-Harare,263,3,0,30t,5,1,2,1.68,0.72,699.11
Harare-Gweru,275,3,0,30t,2,0,4,1.68,0.72,706.49
Bulawayo-Vic Falls,435,4,0,14t,1,0,3,1.68,0.72,670.91
Harare-Gweru,275,3,0,14t,4,0,2,1.68,0.72,703.05
Harare-Gweru,275,3,0,30t,5,0,4,1.68,0.72,791.26
Bulawayo-Vic Falls,435,4,0,14t,1,1,4,1.68,0.72,424.41
Harare-Gweru,275,3,0,30t,3,0,3,1.68,0.72,805.36
Mutare-Harare,263,3,0,14t,3,0,5,1.68,0.72,457.19
Harare-Bulawayo,440,5,0,14t,4,0,5,1.68,0.72,626.22
Harare-Gweru,275,3,0,5t,3,0,4,1.68,0.72,470.53
Mutare-Harare,263,3,0,14t,3,0,2,1.68,0.72,669.04
Harare-Beitbridge,580,6,122,30t,3,0,5,1.68,0.72,1297.48
Mutare-Harare,263,3,0,30t,3,1,3,1.68,0.72,579.75
Mutare-Harare,263,3,0,5t,5,1,3,1.68,0.72,438.78
Harare-Gweru,275,3,0,5t,5,0,2,1.68,0.72,658.82
Harare-Gweru,275,3,0,30t,5,0,1,1.68,0.72,1019.41
Harare-Bulawayo,440,5,0,30t,2,0,1,1.68,0.72,1160.25
Harare-Gweru,275,3,0,30t,3,1,3,1.68,0.72,630.33
Harare-Gweru,275,3,0,14t,1,0,3,1.68,0.72,559.75
Harare-Beitbridge,580,6,122,5t,3,0,3,1.68,0.72,886.08
Mutare-Harare,263,3,0,30t,5,1,5,1.68,0.72,525.16
Harare-Gweru,275,3,0,30t,3,0,5,1.68,0.72,664.13
Bulawayo-Vic Falls,435,4,0,5t,4,1,5,1.68,0.72,385.93
Harare-Beitbridge,580,6,122,5t,2,0,4,1.68,0.72,784.1
Harare-Beitbridge,580,6,122,5t,5,0,3,1.68,0.72,954.24
Mutare-Harare,263,3,0,30t,1,0,5,1.68,0.72,599.38
Harare-Gweru,275,3,0,14t,3,0,4,1.68,0.72,535.78
Harare-Gweru,275,3,0,5t,5,0,4,1.68,0.72,506.72
Mutare-Harare,263,3,0,30t,2,0,2,1.68,0.72,828.05
Harare-Beitbridge,580,6,122,14t,1,0,3,1.68,0.72,944.95
Harare-Bulawayo,440,5,0,5t,2,0,5,1.68,0.72,479.45
Bulawayo-Vic Falls,435,4,0,5t,3,1,1,1.68,0.72,559.98
Harare-Bulawayo,440,5,0,5t,2,1,4,1.68,0.72,399.0
Mutare-Harare,263,3,0,14t,3,0,3,1.68,0.72,598.42
Harare-Bulawayo,440,5,0,5t,3,0,5,1.68,0.72,498.63
Harare-Gweru,275,3,0,5t,2,1,5,1.68,0.72,296.37
Harare-Gweru,275,3,0,30t,2,1,1,1.68,0.72,717.6
Bulawayo-Vic Falls,435,4,0,30t,4,0,2,1.68,0.72,1144.0
Bulawayo-Vic Falls,435,4,0,5t,4,1,4,1.68,0.72,448.12
Mutare-Harare,263,3,0,14t,1,0,5,1.68,0.72,422.02
Harare-Gweru,275,3,0,5t,4,0,4,1.68,0.72,488.63
Harare-Beitbridge,580,6,122,14t,1,1,1,1.68,0.72,807.16
Harare-Beitbridge,580,6,122,14t,2,0,3,1.68,0.72,984.32
Harare-Gweru,275,3,0,30t,5,0,5,1.68,0.72,715.22
Mutare-Harare,263,3,0,5t,1,0,4,1.68,0.72,429.6
Harare-Bulawayo,440,5,0,30t,2,1,3,1.68,0.72,769.89
Mutare-Harare,263,3,0,5t,2,0,2,1.68,0.72,583.3
Harare-Bulawayo,440,5,0,5t,1,1,1,1.68,0.72,553.17
Bulawayo-Vic Falls,435,4,0,30t,2,0,3,1.68,0.72,991.36
Mutare-Harare,263,3,0,5t,5,0,4,1.68,0.72,501.2
Harare-Beitbridge,580,6,122,14t,5,0,3,1.68,0.72,1102.44
Mutare-Harare,263,3,0,5t,2,1,1,1.68,0.72,458.82
Harare-Gweru,275,3,0,5t,5,0,4,1.68,0.72,506.72
Bulawayo-Vic Falls,435,4,0,14t,4,0,4,1.68,0.72,681.44
Mutare-Harare,263,3,0,30t,1,1,1,1.68,0.72,626.96
Harare-Beitbridge,580,6,122,30t,1,0,3,1.68,0.72,1328.04
Bulawayo-Vic Falls,435,4,0,30t,2,1,1,1.68,0.72,825.05
Harare-Bulawayo,440,5,0,14t,3,0,1,1.68,0.72,885.49
Mutare-Harare,263,3,0,5t,3,1,5,1.68,0.72,293.44
Harare-Gweru,275,3,0,5t,2,1,3,1.68,0.72,382.68
Harare-Bulawayo,440,5,0,14t,2,1,5,1.68,0.72,427.32
Harare-Beitbridge,580,6,122,30t,3,0,2,1.68,0.72,1509.33
Harare-Gweru,275,3,0,5t,4,0,2,1.68,0.72,635.29
Bulawayo-Vic Falls,435,4,0,5t,5,0,3,1.68,0.72,671.57
Bulawayo-Vic Falls,435,4,0,5t,4,0,5,1.68,0.72,500.92
Bulawayo-Vic Falls,435,4,0,30t,2,0,2,1.68,0.72,1059.26
Harare-Bulawayo,440,5,0,14t,3,1,5,1.68,0.72,459.94
Harare-Beitbridge,580,6,122,5t,2,1,4,1.68,0.72,586.41
Bulawayo-Vic Falls,435,4,0,14t,1,0,1,1.68,0.72,801.27
Harare-Bulawayo,440,5,0,5t,5,0,1,1.68,0.72,841.18
Harare-Beitbridge,580,6,122,14t,4,0,5,1.68,0.72,916.4
Harare-Beitbridge,580,6,122,30t,2,0,3,1.68,0.72,1383.38
Mutare-Harare,263,3,0,5t,2,0,3,1.68,0.72,515.4
Harare-Bulawayo,440,5,0,30t,1,0,5,1.68,0.72,853.11
Harare-Gweru,275,3,0,30t,3,0,2,1.68,0.72,875.98
Harare-Gweru,275,3,0,14t,3,0,4,1.68,0.72,535.78
Bulawayo-Vic Falls,435,4,0,14t,2,0,3,1.68,0.72,698.86
Harare-Gweru,275,3,0,14t,5,0,1,1.68,0.72,805.14
Harare-Gweru,275,3,0,14t,1,0,2,1.68,0.72,624.93
Harare-Bulawayo,440,5,0,5t,2,1,2,1.68,0.72,495.62
Harare-Bulawayo,440,5,0,30t,2,1,3,1.68,0.72,730.29
Harare-Bulawayo,440,5,0,30t,5,0,4,1.68,0.72,1071.34
Mutare-Harare,263,3,0,5t,4,0,1,1.68,0.72,703.3
Mutare-Harare,263,3,0,30t,1,0,3,1.68,0.72,729.74
Harare-Beitbridge,580,6,122,30t,4,0,3,1.68,0.72,1494.05
Harare-Bulawayo,440,5,0,14t,5,0,5,1.68,0.72,649.41
Mutare-Harare,263,3,0,30t,5,0,2,1.68,0.72,927.42
Harare-Bulawayo,440,5,0,30t,2,0,4,1.68,0.72,956.55
Harare-Bulawayo,440,5,0,14t,5,0,5,1.68,0.72,649.41
Bulawayo-Vic Falls,435,4,0,14t,2,1,3,1.68,0.72,543.89
Bulawayo-Vic Falls,435,4,0,5t,5,0,1,1.68,0.72,823.67
Harare-Beitbridge,580,6,122,5t,4,0,5,1.68,0.72,773.49
Harare-Bulawayo,440,5,0,30t,2,0,5,1.68,0.72,888.65
Bulawayo-Vic Falls,435,4,0,30t,5,0,4,1.68,0.72,1034.28
Bulawayo-Vic Falls,435,4,0,5t,3,0,3,1.68,0.72,623.6
Bulawayo-Vic Falls,435,4,0,5t,5,1,2,1.68,0.72,570.49
Harare-Bulawayo,440,5,0,14t,1,0,2,1.68,0.72,752.19
Bulawayo-Vic Falls,435,4,0,30t,1,0,1,1.68,0.72,1082.08
Harare-Bulawayo,440,5,0,14t,1,0,2,1.68,0.72,752.19
Harare-Gweru,275,3,0,5t,4,0,3,1.68,0.72,561.96
Harare-Bulawayo,440,5,0,5t,2,0,2,1.68,0.72,683.15
Bulawayo-Vic Falls,435,4,0,5t,1,1,1,1.68,0.72,515.74
Harare-Bulawayo,440,5,0,5t,3,1,1,1.68,0.72,595.37
Harare-Bulawayo,440,5,0,30t,1,1,2,1.68,0.72,797.8
Bulawayo-Vic Falls,435,4,0,5t,1,1,4,1.68,0.72,402.99
Harare-Gweru,275,3,0,30t,2,1,3,1.68,0.72,592.59
Harare-Bulawayo,440,5,0,14t,3,1,1,1.68,0.72,631.36
Harare-Gweru,275,3,0,30t,4,0,5,1.68,0.72,689.67
Harare-Bulawayo,440,5,0,14t,4,0,3,1.68,0.72,772.88
Harare-Bulawayo,440,5,0,14t,2,0,3,1.68,0.72,715.63
Harare-Gweru,275,3,0,30t,3,0,1,1.68,0.72,946.59
Harare-Bulawayo,440,5,0,14t,2,1,4,1.68,0.72,462.59
Harare-Bulawayo,440,5,0,5t,3,0,4,1.68,0.72,569.24
Harare-Gweru,275,3,0,5t,2,0,4,1.68,0.72,452.43
Bulawayo-Vic Falls,435,4,0,14t,4,0,5,1.68,0.72,608.1
Harare-Bulawayo,440,5,0,14t,4,1,1,1.68,0.72,712.99
Mutare-Harare,263,3,0,14t,4,1,4,1.68,0.72,413.08
Bulawayo-Vic Falls,435,4,0,30t,4,0,5,1.68,0.72,924.01
Harare-Bulawayo,440,5,0,14t,1,0,1,1.68,0.72,817.38
Harare-Beitbridge,580,6,122,5t,1,0,5,1.68,0.72,687.55
Harare-Gweru,275,3,0,14t,1,0,3,1.68,0.72,559.75
Harare-Bulawayo,440,5,0,14t,2,1,2,1.68,0.72,573.11
Harare-Beitbridge,580,6,122,5t,1,1,4,1.68,0.72,556.42
Harare-Bulawayo,440,5,0,30t,5,0,1,1.68,0.72,1299.48
Harare-Gweru,275,3,0,5t,1,0,1,1.68,0.72,629.89
Harare-Gweru,275,3,0,30t,4,0,3,1.68,0.72,836.34
Harare-Bulawayo,440,5,0,30t,3,1,3,1.68,0.72,850.09
Bulawayo-Vic Falls,435,4,0,5t,4,0,5,1.68,0.72,500.92
Harare-Gweru,275,3,0,14t,4,0,4,1.68,0.72,556.38
Harare-Gweru,275,3,0,14t,2,0,1,1.68,0.72,718.87
Bulawayo-Vic Falls,435,4,0,30t,1,1,4,1.68,0.72,657.91
Harare-Beitbridge,580,6,122,30t,3,1,1,1.68,0.72,1209.52
Harare-Gweru,275,3,0,5t,2,1,1,1.68,0.72,496.08
Harare-Bulawayo,440,5,0,14t,5,0,5,1.68,0.72,649.41
Harare-Gweru,275,3,0,14t,5,0,3,1.68,0.72,653.04
Harare-Gweru,275,3,0,14t,3,0,2,1.68,0.72,677.01
Mutare-Harare,263,3,0,14t,1,1,5,1.68,0.72,300.41
Bulawayo-Vic Falls,435,4,0,30t,2,0,4,1.68,0.72,923.46
Harare-Beitbridge,580,6,122,30t,4,0,5,1.68,0.72,1347.38
Mutare-Harare,263,3,0,14t,4,1,1,1.68,0.72,551.63
Bulawayo-Vic Falls,435,4,0,5t,1,1,5,1.68,0.72,350.29
Harare-Gweru,275,3,0,14t,1,0,3,1.68,0.72,559.75
Harare-Gweru,275,3,0,30t,3,1,5,1.68,0.72,475.58
Harare-Beitbridge,580,6,122,5t,5,1,1,1.68,0.72,774.75
Harare-Beitbridge,580,6,122,14t,2,0,3,1.68,0.72,984.32
Mutare-Harare,263,3,0,30t,5,1,1,1.68,0.72,761.53
Harare-Bulawayo,440,5,0,14t,3,0,2,1.68,0.72,814.87
Bulawayo-Vic Falls,435,4,0,30t,5,0,5,1.68,0.72,958.23
Mutare-Harare,263,3,0,14t,2,0,2,1.68,0.72,643.31
Mutare-Harare,263,3,0,5t,2,0,2,1.68,0.72,583.3
Mutare-Harare,263,3,0,5t,4,0,2,1.68,0.72,629.97
Harare-Gweru,275,3,0,30t,3,0,5,1.68,0.72,664.13
Harare-Gweru,275,3,0,14t,2,0,4,1.68,0.72,515.17
Harare-Beitbridge,580,6,122,5t,5,1,2,1.68,0.72,801.68
Harare-Bulawayo,440,5,0,5t,4,0,3,1.68,0.72,664.47
Bulawayo-Vic Falls,435,4,0,30t,3,0,5,1.68,0.72,889.78
Harare-Gweru,275,3,0,14t,1,1,5,1.68,0.72,305.67
Harare-Bulawayo,440,5,0,5t,4,0,3,1.68,0.72,664.47
Mutare-Harare,263,3,0,30t,1,0,3,1.68,0.72,729.74
Harare-Bulawayo,440,5,0,5t,3,0,4,1.68,0.72,569.24
Bulawayo-Vic Falls,435,4,0,14t,4,0,3,1.68,0.72,754.77
Harare-Gweru,275,3,0,14t,2,0,2,1.68,0.72,650.97
Mutare-Harare,263,3,0,30t,1,0,1,1.68,0.72,860.11
Harare-Beitbridge,580,6,122,5t,5,1,2,1.68,0.72,776.36
Harare-Beitbridge,580,6,122,30t,3,0,4,1.68,0.72,1368.1
Harare-Gweru,275,3,0,5t,2,1,1,1.68,0.72,514.23
Harare-Beitbridge,580,6,122,5t,5,0,1,1.68,0.72,1106.33
Mutare-Harare,263,3,0,14t,2,1,5,1.68,0.72,316.43
Harare-Bulawayo,440,5,0,30t,5,0,1,1.68,0.72,1299.48
Mutare-Harare,263,3,0,5t,4,1,1,1.68,0.72,509.97
Harare-Beitbridge,580,6,122,14t,3,1,3,1.68,0.72,761.61
Harare-Beitbridge,580,6,122,30t,2,0,4,1.68,0.72,1315.48
Mutare-Harare,263,3,0,5t,1,0,5,1.68,0.72,364.42
Harare-Beitbridge,580,6,122,5t,4,0,1,1.68,0.72,1066.82
Bulawayo-Vic Falls,435,4,0,30t,5,0,5,1.68,0.72,958.23
Bulawayo-Vic Falls,435,4,0,5t,4,0,5,1.68,0.72,500.92
Bulawayo-Vic Falls,435,4,0,5t,2,0,4,1.68,0.72,531.72
Harare-Gweru,275,3,0,5t,1,0,4,1.68,0.72,434.33
Harare-Bulawayo,440,5,0,5t,3,0,5,1.68,0.72,498.63
Bulawayo-Vic Falls,435,4,0,30t,4,0,5,1.68,0.72,924.01
Harare-Gweru,275,3,0,30t,3,0,1,1.68,0.72,946.59
Bulawayo-Vic Falls,435,4,0,14t,4,0,4,1.68,0.72,681.44
Harare-Bulawayo,440,5,0,5t,3,0,3,1.68,0.72,639.86
Harare-Beitbridge,580,6,122,5t,3,0,2,1.68,0.72,956.69
Harare-Gweru,275,3,0,30t,3,0,4,1.68,0.72,734.75
Harare-Beitbridge,580,6,122,14t,3,0,3,1.68,0.72,1023.69
Harare-Bulawayo,440,5,0,5t,2,0,2,1.68,0.72,683.15
Bulawayo-Vic Falls,435,4,0,14t,4,0,5,1.68,0.72,608.1
Mutare-Harare,263,3,0,5t,2,0,2,1.68,0.72,583.3
Harare-Beitbridge,580,6,122,30t,4,0,3,1.68,0.72,1494.05
Bulawayo-Vic Falls,435,4,0,14t,1,0,4,1.68,0.72,605.72
Harare-Beitbridge,580,6,122,14t,3,0,1,1.68,0.72,1164.93
Mutare-Harare,263,3,0,5t,4,1,4,1.68,0.72,364.47
Harare-Gweru,275,3,0,5t,5,0,2,1.68,0.72,658.82
Harare-Gweru,275,3,0,30t,3,0,4,1.68,0.72,734.75
Harare-Beitbridge,580,6,122,5t,3,0,5,1.68,0.72,744.85
Harare-Beitbridge,580,6,122,5t,2,1,1,1.68,0.72,719.42
Harare-Beitbridge,580,6,122,14t,4,0,3,1.68,0.72,1063.07
Mutare-Harare,263,3,0,30t,5,0,2,1.68,0.72,927.42
Mutare-Harare,263,3,0,30t,4,0,5,1.68,0.72,674.3
Harare-Gweru,275,3,0,14t,1,0,4,1.68,0.72,494.56
Harare-Gweru,275,3,0,5t,5,1,1,1.68,0.72,574.17
Harare-Gweru,275,3,0,30t,2,1,4,1.68,0.72,522.27
Bulawayo-Vic Falls,435,4,0,14t,4,0,4,1.68,0.72,681.44
Mutare-Harare,263,3,0,5t,1,1,3,1.68,0.72,390.2
Harare-Bulawayo,440,5,0,14t,5,0,2,1.68,0.72,877.56
Harare-Beitbridge,580,6,122,5t,2,0,2,1.68,0.72,919.9
Mutare-Harare,263,3,0,30t,2,0,4,1.68,0.72,692.25
Harare-Gweru,275,3,0,30t,1,0,1,1.68,0.72,873.78
Mutare-Harare,263,3,0,5t,4,0,3,1.68,0.72,556.64
Harare-Beitbridge,580,6,122,5t,1,0,5,1.68,0.72,687.55
Harare-Gweru,275,3,0,5t,4,0,1,1.68,0.72,708.62
Harare-Beitbridge,580,6,122,30t,1,0,2,1.68,0.72,1393.23
Mutare-Harare,263,3,0,5t,1,0,4,1.68,0.72,429.6
Mutare-Harare,263,3,0,5t,3,1,1,1.68,0.72,537.36
Mutare-Harare,263,3,0,14t,4,1,3,1.68,0.72,491.5
Mutare-Harare,263,3,0,5t,3,0,1,1.68,0.72,677.25
Harare-Gweru,275,3,0,30t,4,0,4,1.68,0.72,763.0
Harare-Bulawayo,440,5,0,5t,2,1,4,1.68,0.72,407.29
Harare-Gweru,275,3,0,14t,3,0,2,1.68,0.72,677.01
Harare-Bulawayo,440,5,0,5t,3,0,4,1.68,0.72,569.24
Harare-Bulawayo,440,5,0,14t,1,0,2,1.68,0.72,752.19
Harare-Beitbridge,580,6,122,14t,1,0,5,1.68,0.72,814.58
Bulawayo-Vic Falls,435,4,0,5t,5,1,4,1.68,0.72,444.25
Harare-Gweru,275,3,0,30t,1,1,3,1.68,0.72,528.12
Harare-Bulawayo,440,5,0,30t,4,0,1,1.68,0.72,1253.07
Bulawayo-Vic Falls,435,4,0,14t,4,0,2,1.68,0.72,828.1
Harare-Gweru,275,3,0,5t,5,0,5,1.68,0.72,430.68
Mutare-Harare,263,3,0,30t,4,0,4,1.68,0.72,747.63
Mutare-Harare,263,3,0,14t,4,0,2,1.68,0.72,694.77
Bulawayo-Vic Falls,435,4,0,14t,1,1,4,1.68,0.72,440.39
Bulawayo-Vic Falls,435,4,0,14t,4,0,4,1.68,0.72,681.44
Mutare-Harare,263,3,0,14t,4,0,2,1.68,0.72,694.77
Harare-Beitbridge,580,6,122,14t,5,1,1,1.68,0.72,981.74
Harare-Bulawayo,440,5,0,5t,2,0,4,1.68,0.72,547.35
Harare-Bulawayo,440,5,0,30t,1,0,1,1.68,0.72,1113.84
Harare-Bulawayo,440,5,0,30t,4,0,3,1.68,0.72,1106.41
Harare-Bulawayo,440,5,0,14t,1,0,5,1.68,0.72,556.64
Bulawayo-Vic Falls,435,4,0,14t,1,1,3,1.68,0.72,523.81
Harare-Bulawayo,440,5,0,30t,5,0,4,1.68,0.72,1071.34
Harare-Gweru,275,3,0,30t,3,1,2,1.68,0.72,647.07
Bulawayo-Vic Falls,435,4,0,30t,4,0,4,1.68,0.72,997.34
Mutare-Harare,263,3,0,30t,4,0,4,1.68,0.72,747.63
Bulawayo-Vic Falls,435,4,0,5t,3,0,1,1.68,0.72,764.83
Bulawayo-Vic Falls,435,4,0,30t,3,1,4,1.68,0.72,681.87
Mutare-Harare,263,3,0,30t,3,0,5,1.68,0.72,649.32
Harare-Gweru,275,3,0,30t,5,0,2,1.68,0.72,943.36
Harare-Gweru,275,3,0,14t,4,0,5,1.68,0.72,483.05
Bulawayo-Vic Falls,435,4,0,30t,2,0,2,1.68,0.72,1059.26
Bulawayo-Vic Falls,435,4,0,5t,4,1,4,1.68,0.72,441.87
Bulawayo-Vic Falls,435,4,0,14t,2,0,2,1.68,0.72,766.76
Bulawayo-Vic Falls,435,4,0,30t,5,0,5,1.68,0.72,958.23
Harare-Bulawayo,440,5,0,30t,3,0,3,1.68,0.72,1065.43
Harare-Gweru,275,3,0,30t,4,0,4,1.68,0.72,763.0
Harare-Beitbridge,580,6,122,14t,3,0,5,1.68,0.72,882.46
Bulawayo-Vic Falls,435,4,0,30t,2,0,5,1.68,0.72,855.56
Harare-Beitbridge,580,6,122,14t,2,1,3,1.68,0.72,746.82
Harare-Gweru,275,3,0,5t,5,0,1,1.68,0.72,734.87
Bulawayo-Vic Falls,435,4,0,14t,4,1,5,1.68,0.72,456.66
Harare-Beitbridge,580,6,122,30t,1,0,1,1.68,0.72,1458.41
Harare-Beitbridge,580,6,122,30t,1,0,3,1.68,0.72,1328.04
Harare-Gweru,275,3,0,30t,2,0,4,1.68,0.72,706.49
Bulawayo-Vic Falls,435,4,0,5t,5,0,2,1.68,0.72,747.62
Harare-Gweru,275,3,0,30t,3,0,5,1.68,0.72,664.13
Harare-Bulawayo,440,5,0,30t,4,0,3,1.68,0.72,1106.41
Harare-Gweru,275,3,0,5t,5,0,5,1.68,0.72,430.68
Bulawayo-Vic Falls,435,4,0,14t,1,0,3,1.68,0.72,670.91
Harare-Gweru,275,3,0,5t,5,1,5,1.68,0.72,303.45
Harare-Gweru,275,3,0,14t,4,0,5,1.68,0.72,483.05
Mutare-Harare,263,3,0,30t,2,0,2,1.68,0.72,828.05
Harare-Bulawayo,440,5,0,14t,1,0,5,1.68,0.72,556.64
Harare-Gweru,275,3,0,14t,4,0,2,1.68,0.72,703.05
Harare-Gweru,275,3,0,30t,4,0,4,1.68,0.72,763.0
Harare-Bulawayo,440,5,0,30t,4,0,4,1.68,0.72,1033.08
Mutare-Harare,263,3,0,30t,4,0,3,1.68,0.72,820.96
Harare-Bulawayo,440,5,0,30t,1,0,4,1.68,0.72,918.29
Harare-Beitbridge,580,6,122,14t,5,1,3,1.68,0.72,856.03
Bulawayo-Vic Falls,435,4,0,30t,2,0,2,1.68,0.72,1059.26
Harare-Gweru,275,3,0,5t,5,1,3,1.68,0.72,409.61
Bulawayo-Vic Falls,435,4,0,5t,2,0,4,1.68,0.72,531.72
Harare-Bulawayo,440,5,0,14t,3,0,1,1.68,0.72,885.49
Mutare-Harare,263,3,0,30t,3,0,4,1.68,0.72,719.94
Harare-Gweru,275,3,0,30t,5,0,3,1.68,0.72,867.31
Bulawayo-Vic Falls,435,4,0,14t,2,0,1,1.68,0.72,834.66
Mutare-Harare,263,3,0,30t,5,0,4,1.68,0.72,775.32
Harare-Beitbridge,580,6,122,14t,5,0,5,1.68,0.72,950.34
Mutare-Harare,263,3,0,5t,5,0,3,1.68,0.72,577.25
Harare-Bulawayo,440,5,0,5t,1,0,3,1.68,0.72,590.64
Harare-Bulawayo,440,5,0,5t,5,0,4,1.68,0.72,613.03
Bulawayo-Vic Falls,435,4,0,14t,5,0,4,1.68,0.72,706.67
Harare-Bulawayo,440,5,0,5t,1,0,5,1.68,0.72,460.27
Bulawayo-Vic Falls,435,4,0,5t,5,0,2,1.68,0.72,747.62
Harare-Bulawayo,440,5,0,5t,1,0,2,1.68,0.72,655.82
Harare-Bulawayo,440,5,0,30t,3,0,4,1.68,0.72,994.82
Mutare-Harare,263,3,0,14t,5,0,2,1.68,0.72,720.5
Harare-Gweru,275,3,0,30t,1,1,1,1.68,0.72,697.32
Harare-Gweru,275,3,0,5t,5,0,2,1.68,0.72,658.82
Harare-Beitbridge,580,6,122,14t,4,0,3,1.68,0.72,1063.07
Harare-Beitbridge,580,6,122,30t,5,0,2,1.68,0.72,1625.43
Harare-Bulawayo,440,5,0,14t,3,0,1,1.68,0.72,885.49
Harare-Bulawayo,440,5,0,30t,3,1,1,1.68,0.72,867.05
Harare-Beitbridge,580,6,122,30t,1,0,1,1.68,0.72,1458.41
Harare-Beitbridge,580,6,122,30t,2,0,1,1.68,0.72,1519.18
Bulawayo-Vic Falls,435,4,0,5t,4,0,3,1.68,0.72,647.59
Mutare-Harare,263,3,0,14t,1,0,2,1.68,0.72,617.57
Harare-Bulawayo,440,5,0,5t,2,0,5,1.68,0.72,479.45
Harare-Bulawayo,440,5,0,5t,4,0,2,1.68,0.72,737.8
Harare-Beitbridge,580,6,122,5t,3,0,2,1.68,0.72,956.69
Bulawayo-Vic Falls,435,4,0,5t,3,0,5,1.68,0.72,482.37
Mutare-Harare,263,3,0,30t,1,0,4,1.68,0.72,664.56
Bulawayo-Vic Falls,435,4,0,14t,4,1,5,1.68,0.72,443.49
Mutare-Harare,263,3,0,30t,4,1,5,1.68,0.72,527.68
Harare-Beitbridge,580,6,122,30t,4,0,1,1.68,0.72,1640.71
Harare-Bulawayo,440,5,0,5t,1,0,4,1.68,0.72,525.46
Harare-Beitbridge,580,6,122,30t,3,1,3,1.68,0.72,1107.06
Harare-Gweru,275,3,0,14t,4,0,3,1.68,0.72,629.72
Bulawayo-Vic Falls,435,4,0,5t,5,0,1,1.68,0.72,823.67
Harare-Beitbridge,580,6,122,5t,5,0,3,1.68,0.72,954.24
Bulawayo-Vic Falls,435,4,0,14t,5,0,2,1.68,0.72,858.77
Harare-Beitbridge,580,6,122,30t,3,0,2,1.68,0.72,1509.33
Harare-Gweru,275,3,0,30t,4,0,4,1.68,0.72,763.0
Harare-Gweru,275,3,0,5t,1,0,3,1.68,0.72,499.52
Bulawayo-Vic Falls,435,4,0,14t,3,0,1,1.68,0.72,868.05
Harare-Gweru,275,3,0,14t,3,1,1,1.68,0.72,587.18
Harare-Gweru,275,3,0,5t,1,0,4,1.68,0.72,434.33
Harare-Beitbridge,580,6,122,5t,5,1,1,1.68,0.72,817.53
Harare-Beitbridge,580,6,122,5t,3,0,2,1.68,0.72,956.69
Mutare-Harare,263,3,0,30t,4,0,5,1.68,0.72,674.3
Harare-Beitbridge,580,6,122,5t,4,0,2,1.68,0.72,993.49
Harare-Bulawayo,440,5,0,30t,2,1,1,1.68,0.72,869.46
Bulawayo-Vic Falls,435,4,0,5t,4,0,3,1.68,0.72,647.59
Mutare-Harare,263,3,0,14t,4,0,4,1.68,0.72,548.11
Harare-Gweru,275,3,0,14t,1,0,1,1.68,0.72,690.12
Harare-Bulawayo,440,5,0,5t,4,0,4,1.68,0.72,591.14
Harare-Gweru,275,3,0,30t,2,0,2,1.68,0.72,842.29
Bulawayo-Vic Falls,435,4,0,14t,3,0,5,1.68,0.72,585.58
Harare-Bulawayo,440,5,0,14t,4,1,3,1.68,0.72,555.85
Mutare-Harare,263,3,0,30t,5,1,3,1.68,0.72,606.85
Bulawayo-Vic Falls,435,4,0,30t,1,0,1,1.68,0.72,1082.08
Harare-Bulawayo,440,5,0,5t,3,0,4,1.68,0.72,569.24
Harare-Gweru,275,3,0,30t,5,0,1,1.68,0.72,1019.41
Harare-Beitbridge,580,6,122,14t,1,0,5,1.68,0.72,814.58
Harare-Bulawayo,440,5,0,5t,5,0,4,1.68,0.72,613.03
Harare-Beitbridge,580,6,122,5t,4,1,4,1.68,0.72,642.3
Harare-Beitbridge,580,6,122,30t,5,0,2,1.68,0.72,1625.43
Harare-Gweru,275,3,0,30t,3,0,4,1.68,0.72,734.75
Mutare-Harare,263,3,0,30t,5,0,3,1.68,0.72,851.37
Harare-Gweru,275,3,0,30t,2,0,1,1.68,0.72,910.19
Harare-Beitbridge,580,6,122,14t,5,1,2,1.68,0.72,885.91
Bulawayo-Vic Falls,435,4,0,30t,2,0,3,1.68,0.72,991.36
Harare-Gweru,275,3,0,14t,5,0,2,1.68,0.72,729.09
Bulawayo-Vic Falls,435,4,0,5t,4,0,1,1.68,0.72,794.25
Bulawayo-Vic Falls,435,4,0,30t,5,0,2,1.68,0.72,1186.37
Bulawayo-Vic Falls,435,4,0,5t,1,1,3,1.68,0.72,416.56
Bulawayo-Vic Falls,435,4,0,14t,2,0,4,1.68,0.72,630.96
Harare-Beitbridge,580,6,122,14t,5,0,4,1.68,0.72,1026.39
Bulawayo-Vic Falls,435,4,0,14t,4,0,2,1.68,0.72,828.1
Harare-Bulawayo,440,5,0,14t,2,0,3,1.68,0.72,715.63
Harare-Beitbridge,580,6,122,5t,1,0,3,1.68,0.72,817.92
Harare-Gweru,275,3,0,14t,3,0,1,1.68,0.72,747.63
Harare-Beitbridge,580,6,122,30t,4,0,4,1.68,0.72,1420.72
Bulawayo-Vic Falls,435,4,0,14t,5,1,2,1.68,0.72,601.6
Mutare-Harare,263,3,0,30t,2,0,5,1.68,0.72,624.35
Bulawayo-Vic Falls,435,4,0,30t,5,0,2,1.68,0.72,1186.37
Harare-Gweru,275,3,0,30t,1,0,5,1.68,0.72,613.04
Harare-Bulawayo,440,5,0,30t,2,1,3,1.68,0.72,721.05
Mutare-Harare,263,3,0,14t,3,1,5,1.68,0.72,351.42
Harare-Beitbridge,580,6,122,14t,2,0,5,1.68,0.72,848.52
Bulawayo-Vic Falls,435,4,0,5t,1,0,1,1.68,0.72,706.0
Bulawayo-Vic Falls,435,4,0,5t,3,0,4,1.68,0.72,552.99
Harare-Gweru,275,3,0,5t,1,1,5,1.68,0.72,290.49
Mutare-Harare,263,3,0,14t,1,1,1,1.68,0.72,484.76
Harare-Bulawayo,440,5,0,14t,3,0,4,1.68,0.72,673.64
Bulawayo-Vic Falls,435,4,0,30t,1,0,5,1.68,0.72,821.34
Bulawayo-Vic Falls,435,4,0,30t,3,1,2,1.68,0.72,784.43
Harare-Gweru,275,3,0,30t,5,0,1,1.68,0.72,1019.41
Harare-Beitbridge,580,6,122,5t,4,0,3,1.68,0.72,920.16
Harare-Bulawayo,440,5,0,30t,1,0,2,1.68,0.72,1048.66
Mutare-Harare,263,3,0,30t,2,0,3,1.68,0.72,760.15
Harare-Beitbridge,580,6,122,30t,2,0,3,1.68,0.72,1383.38
Bulawayo-Vic Falls,435,4,0,5t,3,0,2,1.68,0.72,694.22
Mutare-Harare,263,3,0,5t,2,0,2,1.68,0.72,583.3
Mutare-Harare,263,3,0,5t,3,0,5,1.68,0.72,394.79
Bulawayo-Vic Falls,435,4,0,5t,1,1,4,1.68,0.72,371.38
Harare-Bulawayo,440,5,0,30t,2,0,1,1.68,0.72,1160.25
Bulawayo-Vic Falls,435,4,0,14t,2,0,4,1.68,0.72,630.96
Harare-Gweru,275,3,0,14t,2,0,4,1.68,0.72,515.17
Bulawayo-Vic Falls,435,4,0,30t,1,0,4,1.68,0.72,886.52
Bulawayo-Vic Falls,435,4,0,5t,5,0,1,1.68,0.72,823.67
Harare-Beitbridge,580,6,122,5t,4,1,3,1.68,0.72,670.1
Harare-Gweru,275,3,0,14t,1,0,5,1.68,0.72,429.38
Harare-Beitbridge,580,6,122,30t,5,1,4,1.68,0.72,1153.18
Harare-Bulawayo,440,5,0,30t,5,0,1,1.68,0.72,1299.48
Mutare-Harare,263,3,0,5t,1,0,2,1.68,0.72,559.97
Harare-Gweru,275,3,0,30t,2,0,5,1.68,0.72,638.59
Mutare-Harare,263,3,0,30t,2,1,4,1.68,0.72,522.27
Mutare-Harare,263,3,0,14t,5,0,1,1.68,0.72,796.55
Harare-Beitbridge,580,6,122,5t,2,0,2,1.68,0.72,919.9
Harare-Bulawayo,440,5,0,30t,4,0,4,1.68,0.72,1033.08
Harare-Beitbridge,580,6,122,14t,1,0,2,1.68,0.72,1010.13
Harare-Gweru,275,3,0,30t,5,0,5,1.68,0.72,715.22
Bulawayo-Vic Falls,435,4,0,5t,3,0,1,1.68,0.72,764.83
Harare-Beitbridge,580,6,122,5t,1,0,2,1.68,0.72,883.1
Harare-Bulawayo,440,5,0,30t,2,1,1,1.68,0.72,861.82
Harare-Beitbridge,580,6,122,14t,1,1,4,1.68,0.72,635.91
Mutare-Harare,263,3,0,30t,3,0,4,1.68,0.72,719.94
Harare-Beitbridge,580,6,122,30t,5,0,4,1.68,0.72,1473.34
Bulawayo-Vic Falls,435,4,0,30t,4,0,4,1.68,0.72,997.34
Mutare-Harare,263,3,0,14t,3,0,4,1.68,0.72,527.81
Harare-Beitbridge,580,6,122,30t,4,1,2,1.68,0.72,1123.5
Harare-Bulawayo,440,5,0,30t,3,0,3,1.68,0.72,1065.43
Bulawayo-Vic Falls,435,4,0,5t,1,1,3,1.68,0.72,438.88
Harare-Gweru,275,3,0,30t,2,0,2,1.68,0.72,842.29
Bulawayo-Vic Falls,435,4,0,14t,4,0,2,1.68,0.72,828.1
Harare-Beitbridge,580,6,122,14t,3,0,2,1.68,0.72,1094.31
Bulawayo-Vic Falls,435,4,0,30t,4,1,5,1.68,0.72,674.81
Harare-Beitbridge,580,6,122,5t,4,0,3,1.68,0.72,920.16
Bulawayo-Vic Falls,435,4,0,14t,1,0,2,1.68,0.72,736.09
Bulawayo-Vic Falls,435,4,0,30t,4,1,3,1.68,0.72,848.56
Bulawayo-Vic Falls,435,4,0,14t,3,0,2,1.68,0.72,797.43
Harare-Gweru,275,3,0,5t,2,1,5,1.68,0.72,292.06
Harare-Bulawayo,440,5,0,5t,1,1,2,1.68,0.72,469.0
Harare-Bulawayo,440,5,0,5t,3,0,2,1.68,0.72,710.48
Harare-Gweru,275,3,0,5t,2,0,2,1.68,0.72,588.23
Harare-Gweru,275,3,0,30t,3,0,3,1.68,0.72,805.36
Bulawayo-Vic Falls,435,4,0,5t,5,0,3,1.68,0.72,671.57
Mutare-Harare,263,3,0,14t,5,1,5,1.68,0.72,393.1
Mutare-Harare,263,3,0,14t,3,0,1,1.68,0.72,739.65
Mutare-Harare,263,3,0,14t,1,1,3,1.68,0.72,425.03
Bulawayo-Vic Falls,435,4,0,30t,4,1,2,1.68,0.72,896.98
Harare-Gweru,275,3,0,14t,1,0,5,1.68,0.72,429.38
Mutare-Harare,263,3,0,14t,4,1,3,1.68,0.72,475.79
Harare-Beitbridge,580,6,122,5t,1,0,5,1.68,0.72,687.55
Harare-Beitbridge,580,6,122,30t,3,0,3,1.68,0.72,1438.71
Mutare-Harare,263,3,0,30t,5,0,3,1.68,0.72,851.37
Harare-Bulawayo,440,5,0,30t,3,0,2,1.68,0.72,1136.05
Harare-Beitbridge,580,6,122,5t,4,0,5,1.68,0.72,773.49
Mutare-Harare,263,3,0,5t,1,1,3,1.68,0.72,353.81
Harare-Bulawayo,440,5,0,30t,5,0,5,1.68,0.72,995.29
Harare-Gweru,275,3,0,30t,2,0,3,1.68,0.72,774.39
Mutare-Harare,263,3,0,30t,4,1,5,1.68,0.72,508.38
Harare-Gweru,275,3,0,5t,3,0,5,1.68,0.72,399.91
Harare-Beitbridge,580,6,122,5t,5,0,4,1.68,0.72,878.19
Bulawayo-Vic Falls,435,4,0,30t,3,0,1,1.68,0.72,1172.25
Harare-Gweru,275,3,0,5t,3,0,3,1.68,0.72,541.14
Harare-Beitbridge,580,6,122,5t,4,1,2,1.68,0.72,714.3
Harare-Beitbridge,580,6,122,5t,1,0,3,1.68,0.72,817.92
Bulawayo-Vic Falls,435,4,0,14t,4,0,2,1.68,0.72,828.1
Mutare-Harare,263,3,0,14t,5,0,4,1.68,0.72,568.41
Mutare-Harare,263,3,0,30t,5,0,1,1.68,0.72,1003.46
Bulawayo-Vic Falls,435,4,0,14t,3,0,1,1.68,0.72,868.05
Bulawayo-Vic Falls,435,4,0,14t,5,0,4,1.68,0.72,706.67
Harare-Gweru,275,3,0,5t,4,0,3,1.68,0.72,561.96
Harare-Bulawayo,440,5,0,14t,5,0,2,1.68,0.72,877.56
Mutare-Harare,263,3,0,30t,2,0,1,1.68,0.72,895.95
Harare-Beitbridge,580,6,122,14t,1,0,1,1.68,0.72,1075.32
Harare-Gweru,275,3,0,14t,4,0,4,1.68,0.72,556.38
Mutare-Harare,263,3,0,5t,2,0,4,1.68,0.72,447.5
Harare-Bulawayo,440,5,0,5t,2,0,5,1.68,0.72,479.45
Harare-Gweru,275,3,0,14t,3,1,3,1.68,0.72,470.12
Harare-Gweru,275,3,0,14t,2,0,5,1.68,0.72,447.27
Bulawayo-Vic Falls,435,4,0,14t,2,0,2,1.68,0.72,766.76
Harare-Gweru,275,3,0,5t,3,0,3,1.68,0.72,541.14
Harare-Gweru,275,3,0,14t,1,0,2,1.68,0.72,624.93
Harare-Bulawayo,440,5,0,30t,3,0,2,1.68,0.72,1136.05
Harare-Beitbridge,580,6,122,5t,5,0,4,1.68,0.72,878.19
Harare-Beitbridge,580,6,122,14t,3,0,5,1.68,0.72,882.46
Harare-Gweru,275,3,0,14t,5,0,5,1.68,0.72,500.94
Harare-Bulawayo,440,5,0,5t,3,1,1,1.68,0.72,609.67
Mutare-Harare,263,3,0,5t,2,1,5,1.68,0.72,298.15
Bulawayo-Vic Falls,435,4,0,14t,1,0,3,1.68,0.72,670.91
Bulawayo-Vic Falls,435,4,0,30t,3,0,2,1.68,0.72,1101.63
Mutare-Harare,263,3,0,5t,3,1,2,1.68,0.72,472.32
Harare-Gweru,275,3,0,5t,2,0,4,1.68,0.72,452.43
Harare-Gweru,275,3,0,30t,2,0,2,1.68,0.72,842.29
Bulawayo-Vic Falls,435,4,0,5t,2,1,2,1.68,0.72,525.57
Harare-Bulawayo,440,5,0,14t,2,1,5,1.68,0.72,454.6
Bulawayo-Vic Falls,435,4,0,14t,3,0,4,1.68,0.72,656.2
Harare-Bulawayo,440,5,0,14t,4,0,5,1.68,0.72,626.22
Harare-Bulawayo,440,5,0,5t,2,0,5,1.68,0.72,479.45
Harare-Bulawayo,440,5,0,30t,4,0,5,1.68,0.72,959.75
Harare-Gweru,275,3,0,5t,2,1,5,1.68,0.72,278.24
Mutare-Harare,263,3,0,30t,4,0,5,1.68,0.72,674.3
Harare-Bulawayo,440,5,0,30t,3,0,5,1.68,0.72,924.2
Harare-Gweru,275,3,0,5t,1,0,1,1.68,0.72,629.89
Harare-Bulawayo,440,5,0,14t,3,1,3,1.68,0.72,555.51
Harare-Bulawayo,440,5,0,14t,2,1,1,1.68,0.72,606.7
Bulawayo-Vic Falls,435,4,0,30t,5,0,3,1.68,0.72,1110.33
Mutare-Harare,263,3,0,30t,5,0,1,1.68,0.72,1003.46
Mutare-Harare,263,3,0,30t,5,1,1,1.68,0.72,788.75
Bulawayo-Vic Falls,435,4,0,30t,3,0,3,1.68,0.72,1031.02
Mutare-Harare,263,3,0,30t,5,0,4,1.68,0.72,775.32
Bulawayo-Vic Falls,435,4,0,14t,4,1,5,1.68,0.72,438.06
Harare-Beitbridge,580,6,122,30t,3,1,1,1.68,0.72,1188.36
Harare-Beitbridge,580,6,122,5t,4,0,4,1.68,0.72,846.83
Mutare-Harare,263,3,0,5t,2,0,3,1.68,0.72,515.4
Harare-Beitbridge,580,6,122,30t,4,0,2,1.68,0.72,1567.38
Mutare-Harare,263,3,0,5t,3,0,2,1.68,0.72,606.64
Harare-Beitbridge,580,6,122,14t,3,1,3,1.68,0.72,750.15
Harare-Gweru,275,3,0,5t,2,0,4,1.68,0.72,452.43
Harare-Bulawayo,440,5,0,30t,4,0,5,1.68,0.72,959.75
Harare-Bulawayo,440,5,0,14t,4,0,3,1.68,0.72,772.88
Harare-Bulawayo,440,5,0,30t,1,0,3,1.68,0.72,983.48
Mutare-Harare,263,3,0,30t,5,1,5,1.68,0.72,516.59
Harare-Bulawayo,440,5,0,30t,3,0,3,1.68,0.72,1065.43
Harare-Gweru,275,3,0,30t,2,0,4,1.68,0.72,706.49
Harare-Bulawayo,440,5,0,14t,1,0,3,1.68,0.72,687.01
Harare-Bulawayo,440,5,0,14t,1,0,3,1.68,0.72,687.01
Harare-Bulawayo,440,5,0,5t,3,0,3,1.68,0.72,639.86
Harare-Gweru,275,3,0,14t,4,0,2,1.68,0.72,703.05
Bulawayo-Vic Falls,435,4,0,30t,5,1,1,1.68,0.72,887.5
Harare-Gweru,275,3,0,5t,5,0,1,1.68,0.72,734.87
Bulawayo-Vic Falls,435,4,0,5t,2,0,1,1.68,0.72,735.42
Harare-Bulawayo,440,5,0,30t,5,0,3,1.68,0.72,1147.39
Mutare-Harare,263,3,0,14t,3,0,5,1.68,0.72,457.19
Mutare-Harare,263,3,0,30t,1,0,2,1.68,0.72,794.93
Harare-Bulawayo,440,5,0,14t,5,0,1,1.68,0.72,953.61
Bulawayo-Vic Falls,435,4,0,14t,4,0,4,1.68,0.72,681.44
Harare-Bulawayo,440,5,0,5t,4,0,4,1.68,0.72,591.14
Harare-Beitbridge,580,6,122,5t,3,0,4,1.68,0.72,815.46
Harare-Bulawayo,440,5,0,5t,2,0,3,1.68,0.72,615.25
Bulawayo-Vic Falls,435,4,0,5t,5,0,4,1.68,0.72,595.52
Harare-Bulawayo,440,5,0,5t,4,0,1,1.68,0.72,811.13
Harare-Bulawayo,440,5,0,14t,2,0,1,1.68,0.72,851.43
Harare-Gweru,275,3,0,30t,3,1,5,1.68,0.72,486.52
Harare-Beitbridge,580,6,122,30t,4,1,4,1.68,0.72,1017.09
Mutare-Harare,263,3,0,5t,3,0,2,1.68,0.72,606.64
Mutare-Harare,263,3,0,5t,5,0,3,1.68,0.72,577.25
Harare-Bulawayo,440,5,0,30t,1,0,1,1.68,0.72,1113.84
Harare-Gweru,275,3,0,5t,3,1,4,1.68,0.72,354.96
Bulawayo-Vic Falls,435,4,0,5t,3,0,5,1.68,0.72,482.37
Harare-Beitbridge,580,6,122,5t,1,0,1,1.68,0.72,948.29
Mutare-Harare,263,3,0,5t,5,0,1,1.68,0.72,729.35
Harare-Beitbridge,580,6,122,30t,2,0,1,1.68,0.72,1519.18
Bulawayo-Vic Falls,435,4,0,14t,2,0,2,1.68,0.72,766.76
Bulawayo-Vic Falls,435,4,0,30t,3,1,5,1.68,0.72,622.91
Harare-Beitbridge,580,6,122,14t,4,0,2,1.68,0.72,1136.4
Harare-Bulawayo,440,5,0,14t,2,0,4,1.68,0.72,647.73
Harare-Beitbridge,580,6,122,14t,2,0,5,1.68,0.72,848.52
Harare-Bulawayo,440,5,0,5t,2,0,2,1.68,0.72,683.15
Bulawayo-Vic Falls,435,4,0,30t,2,1,1,1.68,0.72,887.06
Harare-Bulawayo,440,5,0,14t,3,0,4,1.68,0.72,673.64
Harare-Beitbridge,580,6,122,5t,3,1,2,1.68,0.72,743.87
Harare-Bulawayo,440,5,0,5t,1,0,4,1.68,0.72,525.46
Bulawayo-Vic Falls,435,4,0,5t,3,1,5,1.68,0.72,364.38
Harare-Bulawayo,440,5,0,5t,1,0,1,1.68,0.72,721.01
Bulawayo-Vic Falls,435,4,0,30t,5,0,4,1.68,0.72,1034.28
Harare-Beitbridge,580,6,122,30t,3,0,4,1.68,0.72,1368.1
Harare-Bulawayo,440,5,0,30t,2,0,4,1.68,0.72,956.55
Harare-Beitbridge,580,6,122,5t,1,1,1,1.68,0.72,732.56
Mutare-Harare,263,3,0,30t,1,0,4,1.68,0.72,664.56
Harare-Gweru,275,3,0,5t,1,0,4,1.68,0.72,434.33
Harare-Bulawayo,440,5,0,5t,2,0,4,1.68,0.72,547.35
Bulawayo-Vic Falls,435,4,0,14t,5,0,1,1.68,0.72,934.82
Harare-Gweru,275,3,0,5t,5,0,4,1.68,0.72,506.72
Harare-Bulawayo,440,5,0,5t,4,0,3,1.68,0.72,664.47
Harare-Beitbridge,580,6,122,30t,3,1,2,1.68,0.72,1108.88
Harare-Bulawayo,440,5,0,5t,1,0,5,1.68,0.72,460.27
Harare-Gweru,275,3,0,30t,3,0,4,1.68,0.72,734.75
Harare-Gweru,275,3,0,5t,2,0,2,1.68,0.72,588.23
Harare-Beitbridge,580,6,122,5t,2,1,4,1.68,0.72,575.23
Harare-Beitbridge,580,6,122,5t,5,1,4,1.68,0.72,626.79
Mutare-Harare,263,3,0,30t,2,0,4,1.68,0.72,692.25
Harare-Bulawayo,440,5,0,30t,4,0,4,1.68,0.72,1033.08
Harare-Beitbridge,580,6,122,14t,3,0,4,1.68,0.72,953.08
Mutare-Harare,263,3,0,14t,5,0,1,1.68,0.72,796.55
Mutare-Harare,263,3,0,30t,5,0,4,1.68,0.72,775.32
Harare-Beitbridge,580,6,122,5t,1,0,1,1.68,0.72,948.29
Harare-Bulawayo,440,5,0,14t,1,0,1,1.68,0.72,817.38
Harare-Bulawayo,440,5,0,5t,3,0,4,1.68,0.72,569.24
Mutare-Harare,263,3,0,30t,1,0,4,1.68,0.72,664.56
Bulawayo-Vic Falls,435,4,0,30t,4,0,2,1.68,0.72,1144.0
Mutare-Harare,263,3,0,14t,5,0,5,1.68,0.72,492.36
Harare-Beitbridge,580,6,122,14t,3,0,3,1.68,0.72,1023.69
Mutare-Harare,263,3,0,14t,4,0,3,1.68,0.72,621.44
Harare-Gweru,275,3,0,5t,5,0,3,1.68,0.72,582.77
Bulawayo-Vic Falls,435,4,0,30t,3,0,2,1.68,0.72,1101.63
Harare-Bulawayo,440,5,0,30t,3,0,4,1.68,0.72,994.82
Harare-Gweru,275,3,0,5t,5,0,3,1.68,0.72,582.77
Harare-Beitbridge,580,6,122,5t,4,1,5,1.68,0.72,616.73
Bulawayo-Vic Falls,435,4,0,5t,3,0,1,1.68,0.72,764.83
Bulawayo-Vic Falls,435,4,0,30t,4,0,3,1.68,0.72,1070.67
Harare-Beitbridge,580,6,122,14t,3,0,5,1.68,0.72,882.46
Bulawayo-Vic Falls,435,4,0,5t,5,0,1,1.68,0.72,823.67
Harare-Bulawayo,440,5,0,14t,5,0,3,1.68,0.72,801.51
Harare-Bulawayo,440,5,0,5t,3,0,4,1.68,0.72,569.24
Harare-Bulawayo,440,5,0,5t,1,0,2,1.68,0.72,655.82
Bulawayo-Vic Falls,435,4,0,5t,4,0,2,1.68,0.72,720.92
Harare-Beitbridge,580,6,122,14t,4,0,5,1.68,0.72,916.4
Bulawayo-Vic Falls,435,4,0,5t,2,0,3,1.68,0.72,599.62
Harare-Gweru,275,3,0,14t,5,1,2,1.68,0.72,518.72
Harare-Gweru,275,3,0,5t,3,1,3,1.68,0.72,400.14
Harare-Bulawayo,440,5,0,14t,4,0,5,1.68,0.72,626.22
Harare-Beitbridge,580,6,122,30t,3,0,2,1.68,0.72,1509.33
Mutare-Harare,263,3,0,30t,1,0,5,1.68,0.72,599.38
Bulawayo-Vic Falls,435,4,0,5t,3,1,2,1.68,0.72,494.88
Mutare-Harare,263,3,0,5t,2,0,4,1.68,0.72,447.5
Harare-Beitbridge,580,6,122,5t,4,0,1,1.68,0.72,1066.82
Harare-Beitbridge,580,6,122,5t,1,0,4,1.68,0.72,752.73
Harare-Gweru,275,3,0,30t,2,0,5,1.68,0.72,638.59
Harare-Gweru,275,3,0,30t,3,0,2,1.68,0.72,875.98
Harare-Beitbridge,580,6,122,30t,1,0,3,1.68,0.72,1328.04
Mutare-Harare,263,3,0,30t,2,0,3,1.68,0.72,760.15
Mutare-Harare,263,3,0,14t,1,0,1,1.68,0.72,682.76
Bulawayo-Vic Falls,435,4,0,5t,3,0,2,1.68,0.72,694.22
Harare-Bulawayo,440,5,0,30t,5,0,1,1.68,0.72,1299.48
Harare-Bulawayo,440,5,0,14t,1,1,4,1.68,0.72,468.87
Harare-Gweru,275,3,0,30t,1,0,3,1.68,0.72,743.41
Harare-Gweru,275,3,0,5t,3,0,1,1.68,0.72,682.38
Harare-Beitbridge,580,6,122,5t,3,0,2,1.68,0.72,956.69
Bulawayo-Vic Falls,435,4,0,30t,3,0,2,1.68,0.72,1101.63
Mutare-Harare,263,3,0,5t,4,0,5,1.68,0.72,409.97
Mutare-Harare,263,3,0,30t,4,0,4,1.68,0.72,747.63
Harare-Gweru,275,3,0,30t,1,0,2,1.68,0.72,808.59
Mutare-Harare,263,3,0,5t,2,0,4,1.68,0.72,447.5
Harare-Bulawayo,440,5,0,30t,1,0,5,1.68,0.72,853.11
Harare-Gweru,275,3,0,14t,2,0,3,1.68,0.72,583.07
Harare-Gweru,275,3,0,14t,2,0,2,1.68,0.72,650.97
Mutare-Harare,263,3,0,5t,3,0,4,1.68,0.72,465.4
Bulawayo-Vic Falls,435,4,0,14t,1,1,3,1.68,0.72,505.34
Harare-Beitbridge,580,6,122,30t,3,1,3,1.68,0.72,1139.78
Mutare-Harare,263,3,0,14t,1,0,2,1.68,0.72,617.57
Harare-Bulawayo,440,5,0,14t,3,0,5,1.68,0.72,603.03
Harare-Bulawayo,440,5,0,30t,1,1,1,1.68,0.72,809.48
Harare-Bulawayo,440,5,0,5t,4,0,4,1.68,0.72,591.14
Harare-Gweru,275,3,0,5t,2,0,4,1.68,0.72,452.43
Harare-Beitbridge,580,6,122,14t,3,0,3,1.68,0.72,1023.69
Bulawayo-Vic Falls,435,4,0,30t,5,0,5,1.68,0.72,958.23
Harare-Bulawayo,440,5,0,14t,3,0,4,1.68,0.72,673.64
Mutare-Harare,263,3,0,5t,5,1,2,1.68,0.72,463.01
Bulawayo-Vic Falls,435,4,0,30t,4,0,1,1.68,0.72,1217.33
Bulawayo-Vic Falls,435,4,0,5t,4,0,3,1.68,0.72,647.59
Harare-Gweru,275,3,0,30t,3,1,4,1.68,0.72,537.58
Bulawayo-Vic Falls,435,4,0,14t,1,0,4,1.68,0.72,605.72
Harare-Gweru,275,3,0,5t,5,1,1,1.68,0.72,570.42
Bulawayo-Vic Falls,435,4,0,5t,4,0,1,1.68,0.72,794.25
Mutare-Harare,263,3,0,30t,4,0,1,1.68,0.72,967.63
Harare-Gweru,275,3,0,5t,3,0,3,1.68,0.72,541.14
Harare-Gweru,275,3,0,30t,4,0,5,1.68,0.72,689.67
Harare-Gweru,275,3,0,14t,3,0,3,1.68,0.72,606.39
Harare-Bulawayo,440,5,0,5t,4,0,4,1.68,0.72,591.14
Harare-Bulawayo,440,5,0,30t,5,1,4,1.68,0.72,842.88
Bulawayo-Vic Falls,435,4,0,30t,1,0,2,1.68,0.72,1016.89
Bulawayo-Vic Falls,435,4,0,14t,1,0,3,1.68,0.72,670.91
Bulawayo-Vic Falls,435,4,0,5t,4,0,1,1.68,0.72,794.25
Mutare-Harare,263,3,0,5t,4,0,2,1.68,0.72,629.97
Harare-Gweru,275,3,0,30t,2,1,1,1.68,0.72,721.42
Harare-Bulawayo,440,5,0,30t,3,0,1,1.68,0.72,1206.66
Harare-Beitbridge,580,6,122,30t,2,0,3,1.68,0.72,1383.38
Harare-Bulawayo,440,5,0,30t,2,0,2,1.68,0.72,1092.35
Bulawayo-Vic Falls,435,4,0,5t,3,0,3,1.68,0.72,623.6
Bulawayo-Vic Falls,435,4,0,5t,4,0,2,1.68,0.72,720.92
Bulawayo-Vic Falls,435,4,0,30t,3,0,5,1.68,0.72,889.78
Mutare-Harare,263,3,0,5t,4,0,3,1.68,0.72,556.64
Harare-Beitbridge,580,6,122,14t,1,0,5,1.68,0.72,814.58
Bulawayo-Vic Falls,435,4,0,30t,4,0,3,1.68,0.72,1070.67
Bulawayo-Vic Falls,435,4,0,5t,1,0,3,1.68,0.72,575.63
Harare-Bulawayo,440,5,0,14t,1,0,2,1.68,0.72,752.19
Harare-Gweru,275,3,0,5t,1,0,3,1.68,0.72,499.52
Harare-Gweru,275,3,0,14t,4,0,4,1.68,0.72,556.38
Mutare-Harare,263,3,0,5t,2,1,1,1.68,0.72,457.03
Harare-Gweru,275,3,0,14t,3,0,3,1.68,0.72,606.39
Harare-Beitbridge,580,6,122,5t,3,0,2,1.68,0.72,956.69
Harare-Bulawayo,440,5,0,14t,2,1,1,1.68,0.72,618.63
Mutare-Harare,263,3,0,5t,3,1,3,1.68,0.72,387.65
Harare-Beitbridge,580,6,122,30t,2,0,1,1.68,0.72,1519.18
Harare-Gweru,275,3,0,5t,3,0,3,1.68,0.72,541.14
Harare-Bulawayo,440,5,0,30t,2,0,2,1.68,0.72,1092.35
Harare-Bulawayo,440,5,0,5t,5,0,1,1.68,0.72,841.18
Harare-Beitbridge,580,6,122,5t,5,1,3,1.68,0.72,707.18
Bulawayo-Vic Falls,435,4,0,5t,1,0,4,1.68,0.72,510.45
Mutare-Harare,263,3,0,5t,2,0,2,1.68,0.72,583.3
Mutare-Harare,263,3,0,14t,3,0,2,1.68,0.72,669.04
Harare-Gweru,275,3,0,5t,1,0,2,1.68,0.72,564.7
Harare-Bulawayo,440,5,0,30t,5,0,2,1.68,0.72,1223.44
Mutare-Harare,263,3,0,30t,4,1,1,1.68,0.72,678.13
Harare-Beitbridge,580,6,122,14t,4,1,5,1.68,0.72,653.29
Bulawayo-Vic Falls,435,4,0,5t,5,1,1,1.68,0.72,624.1
Harare-Beitbridge,580,6,122,5t,3,1,4,1.68,0.72,610.01
Mutare-Harare,263,3,0,5t,4,0,2,1.68,0.72,629.97
Bulawayo-Vic Falls,435,4,0,5t,5,0,3,1.68,0.72,671.57
Mutare-Harare,263,3,0,5t,2,1,4,1.68,0.72,336.9
Mutare-Harare,263,3,0,14t,5,0,4,1.68,0.72,568.41
Bulawayo-Vic Falls,435,4,0,14t,1,1,3,1.68,0.72,478.95
Bulawayo-Vic Falls,435,4,0,14t,1,0,4,1.68,0.72,605.72
Mutare-Harare,263,3,0,5t,3,1,5,1.68,0.72,292.68
Harare-Gweru,275,3,0,14t,4,0,4,1.68,0.72,556.38
Bulawayo-Vic Falls,435,4,0,5t,1,0,5,1.68,0.72,445.26
Harare-Beitbridge,580,6,122,14t,3,0,3,1.68,0.72,1023.69
Harare-Beitbridge,580,6,122,30t,3,0,2,1.68,0.72,1509.33
Mutare-Harare,263,3,0,14t,1,0,3,1.68,0.72,552.39
Bulawayo-Vic Falls,435,4,0,14t,5,0,2,1.68,0.72,858.77
Harare-Beitbridge,580,6,122,14t,1,0,5,1.68,0.72,814.58
Bulawayo-Vic Falls,435,4,0,30t,5,0,4,1.68,0.72,1034.28
Harare-Gweru,275,3,0,14t,2,0,4,1.68,0.72,515.17
Harare-Beitbridge,580,6,122,30t,4,0,3,1.68,0.72,1494.05
Harare-Gweru,275,3,0,5t,4,0,5,1.68,0.72,415.29
Harare-Beitbridge,580,6,122,14t,2,1,2,1.68,0.72,770.75
Harare-Beitbridge,580,6,122,14t,3,1,3,1.68,0.72,772.26
Bulawayo-Vic Falls,435,4,0,5t,4,1,2,1.68,0.72,535.43
Harare-Bulawayo,440,5,0,30t,4,0,3,1.68,0.72,1106.41
Harare-Beitbridge,580,6,122,5t,5,0,3,1.68,0.72,954.24
Harare-Bulawayo,440,5,0,14t,1,0,2,1.68,0.72,752.19
Harare-Beitbridge,580,6,122,14t,2,0,5,1.68,0.72,848.52
Mutare-Harare,263,3,0,5t,2,0,4,1.68,0.72,447.5
Bulawayo-Vic Falls,435,4,0,5t,2,0,4,1.68,0.72,531.72
Harare-Gweru,275,3,0,5t,5,0,2,1.68,0.72,658.82
Harare-Gweru,275,3,0,14t,1,0,2,1.68,0.72,624.93
Mutare-Harare,263,3,0,5t,2,0,1,1.68,0.72,651.2
Harare-Gweru,275,3,0,14t,3,0,4,1.68,0.72,535.78
Harare-Gweru,275,3,0,30t,2,1,2,1.68,0.72,602.15
Harare-Beitbridge,580,6,122,5t,1,1,2,1.68,0.72,659.66
Harare-Beitbridge,580,6,122,30t,3,0,4,1.68,0.72,1368.1
Harare-Bulawayo,440,5,0,5t,3,1,4,1.68,0.72,404.52
Harare-Gweru,275,3,0,5t,1,0,1,1.68,0.72,629.89
Mutare-Harare,263,3,0,14t,4,0,5,1.68,0.72,474.77
Harare-Bulawayo,440,5,0,14t,4,0,5,1.68,0.72,626.22
Harare-Bulawayo,440,5,0,14t,3,0,4,1.68,0.72,673.64
Mutare-Harare,263,3,0,30t,2,0,1,1.68,0.72,895.95
Harare-Gweru,275,3,0,14t,3,0,3,1.68,0.72,606.39
Harare-Gweru,275,3,0,5t,4,0,4,1.68,0.72,488.63
Mutare-Harare,263,3,0,30t,4,1,1,1.68,0.72,710.75
Harare-Gweru,275,3,0,14t,2,0,2,1.68,0.72,650.97
Mutare-Harare,263,3,0,5t,4,0,3,1.68,0.72,556.64
Harare-Gweru,275,3,0,5t,2,0,3,1.68,0.72,520.33
Harare-Beitbridge,580,6,122,5t,2,0,1,1.68,0.72,987.8
Harare-Bulawayo,440,5,0,14t,2,0,5,1.68,0.72,579.83
Bulawayo-Vic Falls,435,4,0,30t,5,0,1,1.68,0.72,1262.42
Mutare-Harare,263,3,0,5t,4,0,3,1.68,0.72,556.64
Mutare-Harare,263,3,0,30t,5,0,1,1.68,0.72,1003.46
Harare-Gweru,275,3,0,30t,5,0,5,1.68,0.72,715.22
Harare-Beitbridge,580,6,122,30t,1,0,3,1.68,0.72,1328.04
Harare-Bulawayo,440,5,0,30t,1,1,5,1.68,0.72,650.27
Harare-Bulawayo,440,5,0,5t,5,0,3,1.68,0.72,689.08
Harare-Bulawayo,440,5,0,5t,3,1,4,1.68,0.72,444.36
Mutare-Harare,263,3,0,14t,3,0,3,1.68,0.72,598.42
Harare-Beitbridge,580,6,122,30t,4,0,2,1.68,0.72,1567.38
Harare-Beitbridge,580,6,122,5t,3,0,5,1.68,0.72,744.85
Harare-Bulawayo,440,5,0,5t,1,0,3,1.68,0.72,590.64
Harare-Bulawayo,440,5,0,14t,4,0,5,1.68,0.72,626.22
Mutare-Harare,263,3,0,14t,3,1,1,1.68,0.72,588.51
Mutare-Harare,263,3,0,5t,2,0,4,1.68,0.72,447.5
Harare-Gweru,275,3,0,14t,4,0,2,1.68,0.72,703.05
Harare-Bulawayo,440,5,0,30t,4,0,3,1.68,0.72,1106.41
Harare-Gweru,275,3,0,30t,5,0,1,1.68,0.72,1019.41
Harare-Beitbridge,580,6,122,14t,2,0,2,1.68,0.72,1052.22
Harare-Gweru,275,3,0,14t,1,0,1,1.68,0.72,690.12
Mutare-Harare,263,3,0,14t,5,0,4,1.68,0.72,568.41
Mutare-Harare,263,3,0,5t,2,1,4,1.68,0.72,317.0
Mutare-Harare,263,3,0,14t,4,0,5,1.68,0.72,474.77
Harare-Bulawayo,440,5,0,5t,4,0,1,1.68,0.72,811.13
Harare-Gweru,275,3,0,14t,4,1,5,1.68,0.72,365.72
Harare-Beitbridge,580,6,122,5t,1,0,5,1.68,0.72,687.55
Mutare-Harare,263,3,0,14t,1,0,3,1.68,0.72,552.39
Bulawayo-Vic Falls,435,4,0,30t,1,0,1,1.68,0.72,1082.08
Mutare-Harare,263,3,0,5t,3,0,1,1.68,0.72,677.25
Harare-Beitbridge,580,6,122,30t,1,0,3,1.68,0.72,1328.04
Harare-Beitbridge,580,6,122,14t,4,0,3,1.68,0.72,1063.07
Mutare-Harare,263,3,0,30t,1,0,3,1.68,0.72,729.74
Mutare-Harare,263,3,0,5t,5,0,5,1.68,0.72,425.16
Harare-Beitbridge,580,6,122,14t,3,0,4,1.68,0.72,953.08
Mutare-Harare,263,3,0,5t,5,0,3,1.68,0.72,577.25
Harare-Gweru,275,3,0,5t,1,0,1,1.68,0.72,629.89
Harare-Gweru,275,3,0,14t,3,0,4,1.68,0.72,535.78
Harare-Bulawayo,440,5,0,14t,1,0,2,1.68,0.72,752.19
Harare-Bulawayo,440,5,0,5t,4,1,3,1.68,0.72,482.94
Harare-Bulawayo,440,5,0,5t,5,0,2,1.68,0.72,765.13
Bulawayo-Vic Falls,435,4,0,5t,1,0,5,1.68,0.72,445.26
Harare-Gweru,275,3,0,5t,4,0,5,1.68,0.72,415.29
Harare-Beitbridge,580,6,122,5t,3,1,2,1.68,0.72,717.25
Bulawayo-Vic Falls,435,4,0,5t,1,0,1,1.68,0.72,706.0
Mutare-Harare,263,3,0,14t,5,0,4,1.68,0.72,568.41
Harare-Beitbridge,580,6,122,14t,2,0,3,1.68,0.72,984.32
Mutare-Harare,263,3,0,30t,4,0,1,1.68,0.72,967.63
Harare-Beitbridge,580,6,122,30t,1,0,4,1.68,0.72,1262.86
Bulawayo-Vic Falls,435,4,0,5t,2,1,3,1.68,0.72,457.36
Harare-Bulawayo,440,5,0,30t,2,1,1,1.68,0.72,871.95
Harare-Gweru,275,3,0,30t,5,0,2,1.68,0.72,943.36
Mutare-Harare,263,3,0,14t,4,1,1,1.68,0.72,607.68
Mutare-Harare,263,3,0,30t,4,1,4,1.68,0.72,598.1
Harare-Gweru,275,3,0,5t,1,0,4,1.68,0.72,434.33
Mutare-Harare,263,3,0,5t,1,0,2,1.68,0.72,559.97
Harare-Beitbridge,580,6,122,30t,1,0,5,1.68,0.72,1197.68
Harare-Bulawayo,440,5,0,14t,2,0,2,1.68,0.72,783.53
Harare-Bulawayo,440,5,0,30t,1,0,3,1.68,0.72,983.48
Harare-Bulawayo,440,5,0,14t,2,0,1,1.68,0.72,851.43
Mutare-Harare,263,3,0,30t,3,1,5,1.68,0.72,500.8
Bulawayo-Vic Falls,435,4,0,5t,3,0,2,1.68,0.72,694.22
Harare-Beitbridge,580,6,122,30t,2,0,3,1.68,0.72,1383.38
Harare-Beitbridge,580,6,122,14t,4,1,2,1.68,0.72,893.92
Harare-Beitbridge,580,6,122,14t,3,0,5,1.68,0.72,882.46
Bulawayo-Vic Falls,435,4,0,14t,1,0,4,1.68,0.72,605.72
Harare-Bulawayo,440,5,0,30t,3,0,1,1.68,0.72,1206.66
Harare-Gweru,275,3,0,14t,4,0,5,1.68,0.72,483.05
Bulawayo-Vic Falls,435,4,0,30t,4,0,4,1.68,0.72,997.34
Bulawayo-Vic Falls,435,4,0,30t,2,1,3,1.68,0.72,755.43
Harare-Beitbridge,580,6,122,5t,3,0,4,1.68,0.72,815.46
Mutare-Harare,263,3,0,5t,5,1,2,1.68,0.72,458.91
Harare-Beitbridge,580,6,122,14t,1,0,3,1.68,0.72,944.95
Bulawayo-Vic Falls,435,4,0,14t,2,0,3,1.68,0.72,698.86
Harare-Bulawayo,440,5,0,14t,4,0,1,1.68,0.72,919.55
Harare-Bulawayo,440,5,0,30t,3,0,3,1.68,0.72,1065.43
Harare-Bulawayo,440,5,0,14t,4,0,3,1.68,0.72,772.88
Harare-Gweru,275,3,0,30t,2,0,4,1.68,0.72,706.49
Harare-Beitbridge,580,6,122,14t,1,0,1,1.68,0.72,1075.32
Harare-Beitbridge,580,6,122,5t,1,0,5,1.68,0.72,687.55
Harare-Beitbridge,580,6,122,5t,4,0,1,1.68,0.72,1066.82
Harare-Gweru,275,3,0,5t,5,0,4,1.68,0.72,506.72
Harare-Bulawayo,440,5,0,14t,2,1,2,1.68,0.72,569.04
Harare-Bulawayo,440,5,0,5t,4,0,2,1.68,0.72,737.8
Harare-Gweru,275,3,0,5t,3,0,1,1.68,0.72,682.38
Harare-Gweru,275,3,0,30t,2,0,5,1.68,0.72,638.59
Harare-Bulawayo,440,5,0,5t,5,0,4,1.68,0.72,613.03
Harare-Beitbridge,580,6,122,5t,4,0,1,1.68,0.72,1066.82
Harare-Bulawayo,440,5,0,5t,5,0,3,1.68,0.72,689.08
Harare-Beitbridge,580,6,122,30t,1,0,2,1.68,0.72,1393.23
Bulawayo-Vic Falls,435,4,0,30t,1,0,5,1.68,0.72,821.34
Mutare-Harare,263,3,0,30t,4,0,1,1.68,0.72,967.63
Bulawayo-Vic Falls,435,4,0,14t,5,0,1,1.68,0.72,934.82
Mutare-Harare,263,3,0,5t,1,1,4,1.68,0.72,330.11
Mutare-Harare,263,3,0,5t,4,1,2,1.68,0.72,441.53
Harare-Beitbridge,580,6,122,14t,4,1,2,1.68,0.72,878.3
Harare-Beitbridge,580,6,122,14t,3,0,1,1.68,0.72,1164.93
Harare-Bulawayo,440,5,0,30t,1,0,3,1.68,0.72,983.48
Bulawayo-Vic Falls,435,4,0,30t,4,1,2,1.68,0.72,898.23
Harare-Bulawayo,440,5,0,5t,5,0,1,1.68,0.72,841.18
Harare-Bulawayo,440,5,0,30t,4,0,1,1.68,0.72,1253.07
Harare-Bulawayo,440,5,0,5t,3,0,4,1.68,0.72,569.24
Harare-Gweru,275,3,0,5t,1,1,3,1.68,0.72,362.8
Harare-Beitbridge,580,6,122,30t,1,0,1,1.68,0.72,1458.41
Mutare-Harare,263,3,0,14t,2,0,4,1.68,0.72,507.51
Bulawayo-Vic Falls,435,4,0,14t,5,1,3,1.68,0.72,556.69
Harare-Bulawayo,440,5,0,14t,4,0,3,1.68,0.72,772.88
Mutare-Harare,263,3,0,5t,3,0,4,1.68,0.72,465.4
Mutare-Harare,263,3,0,14t,2,0,5,1.68,0.72,439.61
Bulawayo-Vic Falls,435,4,0,14t,3,0,5,1.68,0.72,585.58
Harare-Bulawayo,440,5,0,30t,5,0,2,1.68,0.72,1223.44
Harare-Beitbridge,580,6,122,30t,5,0,1,1.68,0.72,1701.48
Harare-Bulawayo,440,5,0,5t,4,0,3,1.68,0.72,664.47
Mutare-Harare,263,3,0,5t,3,0,2,1.68,0.72,606.64
Bulawayo-Vic Falls,435,4,0,14t,5,0,1,1.68,0.72,934.82
Harare-Beitbridge,580,6,122,30t,2,0,5,1.68,0.72,1247.58
Harare-Beitbridge,580,6,122,30t,2,0,5,1.68,0.72,1247.58
Harare-Bulawayo,440,5,0,5t,4,1,1,1.68,0.72,628.33
Bulawayo-Vic Falls,435,4,0,30t,5,0,1,1.68,0.72,1262.42
Harare-Bulawayo,440,5,0,14t,2,0,4,1.68,0.72,647.73
Harare-Bulawayo,440,5,0,30t,4,0,1,1.68,0.72,1253.07
Harare-Bulawayo,440,5,0,14t,1,0,2,1.68,0.72,752.19
Mutare-Harare,263,3,0,14t,3,0,3,1.68,0.72,598.42
Harare-Gweru,275,3,0,14t,1,1,2,1.68,0.72,450.19
Harare-Bulawayo,440,5,0,14t,1,0,5,1.68,0.72,556.64
Harare-Gweru,275,3,0,30t,3,0,2,1.68,0.72,875.98
Harare-Bulawayo,440,5,0,14t,4,0,2,1.68,0.72,846.22
Mutare-Harare,263,3,0,30t,1,0,3,1.68,0.72,729.74
Harare-Beitbridge,580,6,122,5t,1,1,5,1.68,0.72,548.82
Bulawayo-Vic Falls,435,4,0,30t,4,0,3,1.68,0.72,1070.67
Harare-Beitbridge,580,6,122,30t,4,0,4,1.68,0.72,1420.72
Harare-Bulawayo,440,5,0,5t,2,0,3,1.68,0.72,615.25
Harare-Bulawayo,440,5,0,5t,3,0,2,1.68,0.72,710.48
Bulawayo-Vic Falls,435,4,0,5t,3,0,1,1.68,0.72,764.83
Mutare-Harare,263,3,0,5t,1,0,2,1.68,0.72,559.97
Mutare-Harare,263,3,0,14t,2,1,4,1.68,0.72,367.94
Harare-Gweru,275,3,0,30t,4,0,2,1.68,0.72,909.67
Bulawayo-Vic Falls,435,4,0,14t,5,0,2,1.68,0.72,858.77
Harare-Bulawayo,440,5,0,14t,3,1,3,1.68,0.72,545.12
Harare-Bulawayo,440,5,0,30t,1,0,3,1.68,0.72,983.48
Harare-Bulawayo,440,5,0,30t,3,1,4,1.68,0.72,756.38
Bulawayo-Vic Falls,435,4,0,5t,3,1,3,1.68,0.72,454.4
Harare-Bulawayo,440,5,0,14t,3,0,3,1.68,0.72,744.26
Harare-Bulawayo,440,5,0,5t,5,0,5,1.68,0.72,536.98
Harare-Bulawayo,440,5,0,14t,4,0,4,1.68,0.72,699.55
Harare-Beitbridge,580,6,122,14t,1,0,2,1.68,0.72,1010.13
Harare-Beitbridge,580,6,122,14t,2,0,4,1.68,0.72,916.42
Mutare-Harare,263,3,0,30t,5,0,3,1.68,0.72,851.37
Harare-Beitbridge,580,6,122,5t,1,1,4,1.68,0.72,597.23
Harare-Bulawayo,440,5,0,30t,1,0,2,1.68,0.72,1048.66
Harare-Gweru,275,3,0,5t,1,0,4,1.68,0.72,434.33
Harare-Gweru,275,3,0,30t,1,0,4,1.68,0.72,678.23
Bulawayo-Vic Falls,435,4,0,5t,4,0,2,1.68,0.72,720.92
Mutare-Harare,263,3,0,14t,3,0,5,1.68,0.72,457.19
Harare-Bulawayo,440,5,0,5t,1,0,5,1.68,0.72,460.27
Harare-Gweru,275,3,0,14t,4,0,4,1.68,0.72,556.38
Harare-Beitbridge,580,6,122,14t,1,1,5,1.68,0.72,572.39
Mutare-Harare,263,3,0,30t,3,0,3,1.68,0.72,790.56
Harare-Beitbridge,580,6,122,14t,1,0,4,1.68,0.72,879.76
Harare-Gweru,275,3,0,30t,5,0,5,1.68,0.72,715.22
Harare-Beitbridge,580,6,122,30t,1,0,5,1.68,0.72,1197.68
Harare-Beitbridge,580,6,122,14t,1,0,5,1.68,0.72,814.58
Harare-Gweru,275,3,0,30t,3,0,5,1.68,0.72,664.13
Harare-Beitbridge,580,6,122,14t,4,0,1,1.68,0.72,1209.73
Harare-Bulawayo,440,5,0,14t,3,1,4,1.68,0.72,537.2
Mutare-Harare,263,3,0,30t,1,0,5,1.68,0.72,599.38
Bulawayo-Vic Falls,435,4,0,5t,4,0,5,1.68,0.72,500.92
Harare-Beitbridge,580,6,122,14t,5,0,4,1.68,0.72,1026.39
Harare-Bulawayo,440,5,0,30t,2,0,4,1.68,0.72,956.55
Harare-Gweru,275,3,0,5t,4,0,1,1.68,0.72,708.62
Harare-Bulawayo,440,5,0,14t,2,1,5,1.68,0.72,425.2
Mutare-Harare,263,3,0,14t,5,1,4,1.68,0.72,437.4
Harare-Gweru,275,3,0,14t,5,1,3,1.68,0.72,483.88
Harare-Beitbridge,580,6,122,30t,3,1,2,1.68,0.72,1060.2
Harare-Bulawayo,440,5,0,14t,4,0,2,1.68,0.72,846.22
Harare-Beitbridge,580,6,122,5t,4,0,3,1.68,0.72,920.16
Harare-Beitbridge,580,6,122,30t,3,0,4,1.68,0.72,1368.1
Harare-Beitbridge,580,6,122,14t,1,1,5,1.68,0.72,584.34
Harare-Gweru,275,3,0,30t,1,0,1,1.68,0.72,873.78
Harare-Beitbridge,580,6,122,5t,5,1,5,1.68,0.72,584.62
Bulawayo-Vic Falls,435,4,0,30t,1,0,4,1.68,0.72,886.52
Mutare-Harare,263,3,0,14t,5,0,3,1.68,0.72,644.45
Mutare-Harare,263,3,0,5t,3,1,2,1.68,0.72,430.89
Harare-Gweru,275,3,0,14t,5,0,1,1.68,0.72,805.14
Mutare-Harare,263,3,0,5t,3,0,3,1.68,0.72,536.02
Harare-Bulawayo,440,5,0,14t,1,0,5,1.68,0.72,556.64
Harare-Gweru,275,3,0,30t,4,0,1,1.68,0.72,983.0
Harare-Bulawayo,440,5,0,14t,1,0,3,1.68,0.72,687.01
Bulawayo-Vic Falls,435,4,0,5t,2,0,1,1.68,0.72,735.42
Mutare-Harare,263,3,0,30t,4,1,3,1.68,0.72,648.06
Bulawayo-Vic Falls,435,4,0,5t,3,0,2,1.68,0.72,694.22
Harare-Gweru,275,3,0,5t,1,0,3,1.68,0.72,499.52
Harare-Bulawayo,440,5,0,30t,3,0,5,1.68,0.72,924.2
Harare-Bulawayo,440,5,0,5t,3,0,1,1.68,0.72,781.09
Bulawayo-Vic Falls,435,4,0,5t,2,0,3,1.68,0.72,599.62
Mutare-Harare,263,3,0,30t,4,0,4,1.68,0.72,747.63
Bulawayo-Vic Falls,435,4,0,14t,5,0,2,1.68,0.72,858.77
Mutare-Harare,263,3,0,30t,2,0,5,1.68,0.72,624.35
Harare-Beitbridge,580,6,122,5t,3,0,2,1.68,0.72,956.69
Harare-Bulawayo,440,5,0,5t,3,0,2,1.68,0.72,710.48
Harare-Gweru,275,3,0,5t,5,0,5,1.68,0.72,430.68
Mutare-Harare,263,3,0,5t,2,0,2,1.68,0.72,583.3
Bulawayo-Vic Falls,435,4,0,30t,2,0,1,1.68,0.72,1127.16
Harare-Bulawayo,440,5,0,5t,3,0,3,1.68,0.72,639.86
Harare-Bulawayo,440,5,0,14t,4,0,4,1.68,0.72,699.55
Bulawayo-Vic Falls,435,4,0,5t,2,0,5,1.68,0.72,463.82
Harare-Beitbridge,580,6,122,30t,2,0,1,1.68,0.72,1519.18
Harare-Bulawayo,440,5,0,14t,3,0,2,1.68,0.72,814.87
Harare-Gweru,275,3,0,14t,2,1,3,1.68,0.72,464.06
Harare-Bulawayo,440,5,0,30t,5,0,2,1.68,0.72,1223.44
Harare-Beitbridge,580,6,122,5t,4,0,2,1.68,0.72,993.49
Harare-Bulawayo,440,5,0,30t,1,0,2,1.68,0.72,1048.66
Harare-Beitbridge,580,6,122,30t,1,0,2,1.68,0.72,1393.23
Harare-Gweru,275,3,0,14t,3,0,4,1.68,0.72,535.78
Harare-Bulawayo,440,5,0,5t,1,0,1,1.68,0.72,721.01
Harare-Bulawayo,440,5,0,5t,5,0,1,1.68,0.72,841.18
Bulawayo-Vic Falls,435,4,0,30t,2,0,3,1.68,0.72,991.36
Bulawayo-Vic Falls,435,4,0,5t,4,0,5,1.68,0.72,500.92
Bulawayo-Vic Falls,435,4,0,14t,5,0,2,1.68,0.72,858.77
Harare-Bulawayo,440,5,0,14t,1,1,1,1.68,0.72,614.34
Bulawayo-Vic Falls,435,4,0,5t,4,0,4,1.68,0.72,574.25
Harare-Gweru,275,3,0,30t,5,0,5,1.68,0.72,715.22
Harare-Bulawayo,440,5,0,5t,2,0,4,1.68,0.72,547.35
Bulawayo-Vic Falls,435,4,0,5t,3,0,3,1.68,0.72,623.6
Harare-Bulawayo,440,5,0,30t,3,1,5,1.68,0.72,679.88
Bulawayo-Vic Falls,435,4,0,14t,1,0,4,1.68,0.72,605.72
Harare-Beitbridge,580,6,122,14t,1,0,4,1.68,0.72,879.76
Mutare-Harare,263,3,0,14t,3,1,2,1.68,0.72,472.28
Harare-Gweru,275,3,0,5t,5,0,4,1.68,0.72,506.72
Bulawayo-Vic Falls,435,4,0,5t,1,1,2,1.68,0.72,471.26
Bulawayo-Vic Falls,435,4,0,5t,4,1,4,1.68,0.72,402.38
Bulawayo-Vic Falls,435,4,0,5t,4,1,3,1.68,0.72,515.57
Harare-Bulawayo,440,5,0,14t,4,1,3,1.68,0.72,614.48
Harare-Gweru,275,3,0,5t,2,0,4,1.68,0.72,452.43
Harare-Beitbridge,580,6,122,5t,1,0,3,1.68,0.72,817.92
Bulawayo-Vic Falls,435,4,0,5t,2,0,3,1.68,0.72,599.62
Harare-Bulawayo,440,5,0,5t,4,0,1,1.68,0.72,811.13
Harare-Beitbridge,580,6,122,14t,5,0,4,1.68,0.72,1026.39
Mutare-Harare,263,3,0,30t,3,0,2,1.68,0.72,861.17
Harare-Gweru,275,3,0,5t,4,1,3,1.68,0.72,419.07
Bulawayo-Vic Falls,435,4,0,30t,2,0,4,1.68,0.72,923.46
Mutare-Harare,263,3,0,14t,4,1,3,1.68,0.72,453.75
Bulawayo-Vic Falls,435,4,0,5t,1,1,1,1.68,0.72,520.71
Harare-Beitbridge,580,6,122,14t,1,0,2,1.68,0.72,1010.13
Harare-Bulawayo,440,5,0,14t,2,1,4,1.68,0.72,473.71
Harare-Gweru,275,3,0,30t,1,0,2,1.68,0.72,808.59
Harare-Bulawayo,440,5,0,14t,3,0,2,1.68,0.72,814.87
Mutare-Harare,263,3,0,14t,2,0,1,1.68,0.72,711.21
Mutare-Harare,263,3,0,14t,2,0,1,1.68,0.72,711.21
Mutare-Harare,263,3,0,5t,5,0,1,1.68,0.72,729.35
Harare-Gweru,275,3,0,30t,4,0,1,1.68,0.72,983.0
Harare-Gweru,275,3,0,14t,3,0,2,1.68,0.72,677.01
Harare-Gweru,275,3,0,30t,4,1,4,1.68,0.72,547.44
Mutare-Harare,263,3,0,30t,2,0,2,1.68,0.72,828.05
Bulawayo-Vic Falls,435,4,0,5t,2,0,2,1.68,0.72,667.52
Harare-Gweru,275,3,0,30t,3,0,5,1.68,0.72,664.13
Harare-Gweru,275,3,0,30t,3,0,3,1.68,0.72,805.36
Bulawayo-Vic Falls,435,4,0,5t,2,0,1,1.68,0.72,735.42
Harare-Beitbridge,580,6,122,14t,1,1,2,1.68,0.72,793.31
Harare-Gweru,275,3,0,14t,4,0,3,1.68,0.72,629.72
Bulawayo-Vic Falls,435,4,0,14t,3,0,1,1.68,0.72,868.05
Bulawayo-Vic Falls,435,4,0,5t,1,0,4,1.68,0.72,510.45
Bulawayo-Vic Falls,435,4,0,14t,5,0,4,1.68,0.72,706.67
Harare-Bulawayo,440,5,0,30t,3,1,2,1.68,0.72,863.29
Harare-Beitbridge,580,6,122,5t,4,0,3,1.68,0.72,920.16
Harare-Gweru,275,3,0,5t,1,0,1,1.68,0.72,629.89
Mutare-Harare,263,3,0,30t,2,0,5,1.68,0.72,624.35
Bulawayo-Vic Falls,435,4,0,5t,2,0,4,1.68,0.72,531.72
Harare-Bulawayo,440,5,0,14t,3,0,2,1.68,0.72,814.87
Mutare-Harare,263,3,0,14t,5,0,3,1.68,0.72,644.45
Harare-Beitbridge,580,6,122,5t,1,0,5,1.68,0.72,687.55
Harare-Beitbridge,580,6,122,5t,1,1,4,1.68,0.72,544.39
Harare-Bulawayo,440,5,0,14t,4,0,2,1.68,0.72,846.22
Mutare-Harare,263,3,0,14t,5,0,2,1.68,0.72,720.5
Harare-Gweru,275,3,0,14t,2,0,3,1.68,0.72,583.07
Bulawayo-Vic Falls,435,4,0,5t,4,1,4,1.68,0.72,445.85
Harare-Gweru,275,3,0,5t,4,1,1,1.68,0.72,505.59
Bulawayo-Vic Falls,435,4,0,5t,2,1,3,1.68,0.72,459.49
Bulawayo-Vic Falls,435,4,0,30t,5,0,5,1.68,0.72,958.23
Harare-Beitbridge,580,6,122,5t,2,0,1,1.68,0.72,987.8
Mutare-Harare,263,3,0,30t,2,0,4,1.68,0.72,692.25
Harare-Bulawayo,440,5,0,5t,5,0,5,1.68,0.72,536.98
Harare-Gweru,275,3,0,30t,4,0,1,1.68,0.72,983.0
Harare-Bulawayo,440,5,0,14t,3,1,5,1.68,0.72,443.67
Harare-Beitbridge,580,6,122,5t,1,0,1,1.68,0.72,948.29
Mutare-Harare,263,3,0,5t,1,0,3,1.68,0.72,494.79
Bulawayo-Vic Falls,435,4,0,30t,5,0,3,1.68,0.72,1110.33
Bulawayo-Vic Falls,435,4,0,30t,4,0,1,1.68,0.72,1217.33
Harare-Bulawayo,440,5,0,5t,5,0,4,1.68,0.72,613.03
Harare-Bulawayo,440,5,0,30t,2,0,5,1.68,0.72,888.65
Harare-Beitbridge,580,6,122,30t,2,1,5,1.68,0.72,882.29
Harare-Gweru,275,3,0,30t,2,1,3,1.68,0.72,544.86
Harare-Gweru,275,3,0,30t,2,1,1,1.68,0.72,646.07
Harare-Beitbridge,580,6,122,14t,4,0,1,1.68,0.72,1209.73
Harare-Bulawayo,440,5,0,14t,4,0,4,1.68,0.72,699.55
Harare-Beitbridge,580,6,122,30t,4,1,4,1.68,0.72,1038.25
Mutare-Harare,263,3,0,30t,3,0,5,1.68,0.72,649.32
Harare-Gweru,275,3,0,5t,4,0,2,1.68,0.72,635.29
Harare-Beitbridge,580,6,122,5t,5,0,1,1.68,0.72,1106.33
Bulawayo-Vic Falls,435,4,0,30t,5,0,1,1.68,0.72,1262.42
Harare-Bulawayo,440,5,0,30t,1,0,1,1.68,0.72,1113.84
Harare-Bulawayo,440,5,0,5t,2,1,3,1.68,0.72,490.04
Harare-Bulawayo,440,5,0,14t,1,0,2,1.68,0.72,752.19
Harare-Bulawayo,440,5,0,5t,1,1,5,1.68,0.72,324.7
Bulawayo-Vic Falls,435,4,0,30t,4,0,2,1.68,0.72,1144.0
Harare-Gweru,275,3,0,14t,5,1,3,1.68,0.72,484.76
Harare-Beitbridge,580,6,122,14t,2,0,1,1.68,0.72,1120.12
Harare-Bulawayo,440,5,0,14t,1,0,1,1.68,0.72,817.38
Harare-Gweru,275,3,0,5t,2,0,4,1.68,0.72,452.43
Harare-Bulawayo,440,5,0,14t,2,0,1,1.68,0.72,851.43
Harare-Beitbridge,580,6,122,30t,1,1,1,1.68,0.72,1132.72
Mutare-Harare,263,3,0,30t,4,0,2,1.68,0.72,894.29
Harare-Gweru,275,3,0,14t,5,0,1,1.68,0.72,805.14
Harare-Beitbridge,580,6,122,30t,2,0,2,1.68,0.72,1451.28
Harare-Gweru,275,3,0,5t,4,1,1,1.68,0.72,512.2
Harare-Gweru,275,3,0,30t,3,0,1,1.68,0.72,946.59
Mutare-Harare,263,3,0,5t,1,1,1,1.68,0.72,464.98
Bulawayo-Vic Falls,435,4,0,14t,3,0,1,1.68,0.72,868.05
Harare-Bulawayo,440,5,0,30t,3,0,3,1.68,0.72,1065.43
Harare-Gweru,275,3,0,30t,5,0,4,1.68,0.72,791.26
Mutare-Harare,263,3,0,14t,2,0,2,1.68,0.72,643.31
Harare-Bulawayo,440,5,0,5t,2,0,2,1.68,0.72,683.15
Harare-Beitbridge,580,6,122,5t,1,0,5,1.68,0.72,687.55
Bulawayo-Vic Falls,435,4,0,5t,2,1,4,1.68,0.72,387.15
Harare-Gweru,275,3,0,14t,4,1,3,1.68,0.72,476.77
Harare-Beitbridge,580,6,122,14t,5,0,4,1.68,0.72,1026.39
Harare-Gweru,275,3,0,5t,5,0,4,1.68,0.72,506.72
Bulawayo-Vic Falls,435,4,0,30t,3,1,4,1.68,0.72,699.52
Bulawayo-Vic Falls,435,4,0,30t,1,0,2,1.68,0.72,1016.89
Harare-Beitbridge,580,6,122,30t,1,0,2,1.68,0.72,1393.23
Mutare-Harare,263,3,0,14t,3,0,1,1.68,0.72,739.65
Harare-Bulawayo,440,5,0,30t,5,0,4,1.68,0.72,1071.34
Harare-Bulawayo,440,5,0,30t,2,1,1,1.68,0.72,867.19
Harare-Bulawayo,440,5,0,14t,1,1,4,1.68,0.72,439.15
Harare-Beitbridge,580,6,122,30t,4,0,1,1.68,0.72,1640.71
Harare-Beitbridge,580,6,122,5t,1,0,5,1.68,0.72,687.55
Harare-Bulawayo,440,5,0,5t,5,1,5,1.68,0.72,407.55
Harare-Beitbridge,580,6,122,5t,5,0,2,1.68,0.72,1030.29
Harare-Beitbridge,580,6,122,14t,2,1,3,1.68,0.72,699.82
Harare-Beitbridge,580,6,122,30t,1,1,2,1.68,0.72,1082.56
Mutare-Harare,263,3,0,5t,1,0,5,1.68,0.72,364.42
Harare-Beitbridge,580,6,122,14t,2,1,2,1.68,0.72,755.81
Harare-Bulawayo,440,5,0,5t,1,0,1,1.68,0.72,721.01
Mutare-Harare,263,3,0,14t,5,0,1,1.68,0.72,796.55
Harare-Beitbridge,580,6,122,30t,3,0,1,1.68,0.72,1579.95
Harare-Bulawayo,440,5,0,5t,3,0,2,1.68,0.72,710.48
Harare-Bulawayo,440,5,0,14t,1,0,4,1.68,0.72,621.82
Harare-Bulawayo,440,5,0,30t,2,0,1,1.68,0.72,1160.25
Harare-Bulawayo,440,5,0,14t,3,0,2,1.68,0.72,814.87
Harare-Beitbridge,580,6,122,5t,1,1,3,1.68,0.72,576.54
Bulawayo-Vic Falls,435,4,0,5t,1,0,2,1.68,0.72,640.82
Harare-Gweru,275,3,0,30t,5,0,2,1.68,0.72,943.36
Harare-Bulawayo,440,5,0,14t,5,0,4,1.68,0.72,725.46
Harare-Bulawayo,440,5,0,30t,4,0,1,1.68,0.72,1253.07
Harare-Bulawayo,440,5,0,5t,4,0,1,1.68,0.72,811.13
Harare-Bulawayo,440,5,0,14t,1,0,2,1.68,0.72,752.19
Harare-Gweru,275,3,0,30t,1,1,2,1.68,0.72,591.18
Harare-Beitbridge,580,6,122,5t,1,1,5,1.68,0.72,533.06
Harare-Beitbridge,580,6,122,30t,3,0,4,1.68,0.72,1368.1
Harare-Bulawayo,440,5,0,30t,3,0,4,1.68,0.72,994.82
Harare-Gweru,275,3,0,30t,5,1,3,1.68,0.72,609.1
Harare-Bulawayo,440,5,0,14t,1,0,4,1.68,0.72,621.82
Harare-Bulawayo,440,5,0,5t,1,0,4,1.68,0.72,525.46
Mutare-Harare,263,3,0,30t,3,1,4,1.68,0.72,529.25
Bulawayo-Vic Falls,435,4,0,30t,1,1,3,1.68,0.72,672.32
Harare-Bulawayo,440,5,0,5t,3,0,4,1.68,0.72,569.24
Harare-Bulawayo,440,5,0,14t,5,0,4,1.68,0.72,725.46
Harare-Bulawayo,440,5,0,5t,2,0,2,1.68,0.72,683.15
Harare-Gweru,275,3,0,14t,1,0,5,1.68,0.72,429.38
Bulawayo-Vic Falls,435,4,0,5t,5,0,5,1.68,0.72,519.47
Harare-Gweru,275,3,0,14t,4,0,2,1.68,0.72,703.05
Harare-Gweru,275,3,0,14t,5,0,4,1.68,0.72,576.99
Mutare-Harare,263,3,0,5t,5,0,3,1.68,0.72,577.25
Mutare-Harare,263,3,0,5t,2,0,5,1.68,0.72,379.6
Harare-Beitbridge,580,6,122,14t,5,0,1,1.68,0.72,1254.54
Harare-Gweru,275,3,0,30t,5,1,4,1.68,0.72,572.34
Bulawayo-Vic Falls,435,4,0,14t,5,0,3,1.68,0.72,782.72
Harare-Beitbridge,580,6,122,5t,2,0,1,1.68,0.72,987.8
Bulawayo-Vic Falls,435,4,0,30t,1,0,4,1.68,0.72,886.52
Mutare-Harare,263,3,0,14t,2,0,2,1.68,0.72,643.31
Harare-Gweru,275,3,0,5t,4,0,4,1.68,0.72,488.63
Harare-Bulawayo,440,5,0,14t,4,0,3,1.68,0.72,772.88
Harare-Gweru,275,3,0,30t,4,0,4,1.68,0.72,763.0
Bulawayo-Vic Falls,435,4,0,5t,1,0,4,1.68,0.72,510.45
Harare-Beitbridge,580,6,122,5t,2,0,5,1.68,0.72,716.2
Harare-Beitbridge,580,6,122,14t,1,0,2,1.68,0.72,1010.13
Mutare-Harare,263,3,0,30t,5,0,1,1.68,0.72,1003.46
Harare-Gweru,275,3,0,5t,4,0,5,1.68,0.72,415.29
Harare-Beitbridge,580,6,122,30t,1,0,2,1.68,0.72,1393.23
Harare-Bulawayo,440,5,0,30t,5,0,1,1.68,0.72,1299.48
Harare-Bulawayo,440,5,0,5t,4,0,5,1.68,0.72,517.81
Harare-Bulawayo,440,5,0,14t,4,1,3,1.68,0.72,560.93
Bulawayo-Vic Falls,435,4,0,5t,1,1,1,1.68,0.72,518.29
Harare-Bulawayo,440,5,0,5t,5,0,3,1.68,0.72,689.08
Harare-Gweru,275,3,0,30t,5,1,3,1.68,0.72,627.74
Harare-Beitbridge,580,6,122,30t,1,0,1,1.68,0.72,1458.41
Harare-Beitbridge,580,6,122,5t,1,0,3,1.68,0.72,817.92
Harare-Gweru,275,3,0,5t,4,0,5,1.68,0.72,415.29
Bulawayo-Vic Falls,435,4,0,5t,3,0,2,1.68,0.72,694.22
Harare-Gweru,275,3,0,30t,2,0,1,1.68,0.72,910.19
Harare-Bulawayo,440,5,0,5t,2,0,2,1.68,0.72,683.15
Harare-Gweru,275,3,0,14t,4,0,4,1.68,0.72,556.38
Bulawayo-Vic Falls,435,4,0,5t,5,1,2,1.68,0.72,567.72
Bulawayo-Vic Falls,435,4,0,14t,3,1,5,1.68,0.72,442.55
Harare-Gweru,275,3,0,30t,3,0,3,1.68,0.72,805.36
Harare-Bulawayo,440,5,0,5t,2,0,1,1.68,0.72,751.05
Harare-Bulawayo,440,5,0,14t,4,0,2,1.68,0.72,846.22
Harare-Gweru,275,3,0,14t,1,0,3,1.68,0.72,559.75
Bulawayo-Vic Falls,435,4,0,14t,2,0,5,1.68,0.72,563.06
Harare-Gweru,275,3,0,5t,5,1,4,1.68,0.72,368.7
Harare-Bulawayo,440,5,0,5t,5,0,5,1.68,0.72,536.98
Harare-Bulawayo,440,5,0,5t,5,0,5,1.68,0.72,536.98
Bulawayo-Vic Falls,435,4,0,30t,2,0,4,1.68,0.72,923.46
Bulawayo-Vic Falls,435,4,0,5t,3,0,2,1.68,0.72,694.22
Mutare-Harare,263,3,0,5t,1,0,4,1.68,0.72,429.6
Mutare-Harare,263,3,0,14t,5,0,3,1.68,0.72,644.45
Harare-Bulawayo,440,5,0,5t,4,0,5,1.68,0.72,517.81
Harare-Gweru,275,3,0,5t,5,0,1,1.68,0.72,734.87
Harare-Beitbridge,580,6,122,5t,4,1,1,1.68,0.72,847.65
Bulawayo-Vic Falls,435,4,0,30t,3,0,1,1.68,0.72,1172.25
Harare-Beitbridge,580,6,122,30t,1,0,1,1.68,0.72,1458.41
Harare-Beitbridge,580,6,122,5t,3,0,5,1.68,0.72,744.85
Harare-Bulawayo,440,5,0,5t,5,1,1,1.68,0.72,665.46
Bulawayo-Vic Falls,435,4,0,5t,3,0,5,1.68,0.72,482.37
Mutare-Harare,263,3,0,5t,1,0,3,1.68,0.72,494.79
Harare-Gweru,275,3,0,14t,3,0,2,1.68,0.72,677.01
Harare-Beitbridge,580,6,122,14t,2,1,2,1.68,0.72,783.3
Harare-Bulawayo,440,5,0,30t,3,0,1,1.68,0.72,1206.66
Mutare-Harare,263,3,0,14t,5,0,1,1.68,0.72,796.55
Mutare-Harare,263,3,0,30t,4,0,4,1.68,0.72,747.63
Harare-Gweru,275,3,0,5t,4,0,1,1.68,0.72,708.62
Harare-Beitbridge,580,6,122,14t,4,0,2,1.68,0.72,1136.4
Harare-Gweru,275,3,0,5t,3,0,4,1.68,0.72,470.53
Mutare-Harare,263,3,0,30t,4,0,4,1.68,0.72,747.63
Harare-Bulawayo,440,5,0,14t,5,0,5,1.68,0.72,649.41
Harare-Beitbridge,580,6,122,30t,4,0,5,1.68,0.72,1347.38
Bulawayo-Vic Falls,435,4,0,30t,3,0,2,1.68,0.72,1101.63
Harare-Beitbridge,580,6,122,14t,1,0,5,1.68,0.72,814.58
Harare-Bulawayo,440,5,0,14t,2,0,4,1.68,0.72,647.73
Bulawayo-Vic Falls,435,4,0,30t,4,0,2,1.68,0.72,1144.0
Harare-Bulawayo,440,5,0,14t,5,0,4,1.68,0.72,725.46
Mutare-Harare,263,3,0,30t,3,0,4,1.68,0.72,719.94
Harare-Beitbridge,580,6,122,30t,2,0,5,1.68,0.72,1247.58
Harare-Gweru,275,3,0,30t,2,1,4,1.68,0.72,561.11
Harare-Gweru,275,3,0,30t,3,0,4,1.68,0.72,734.75
Harare-Bulawayo,440,5,0,5t,5,0,2,1.68,0.72,765.13
Harare-Beitbridge,580,6,122,14t,1,0,1,1.68,0.72,1075.32
Harare-Beitbridge,580,6,122,14t,3,0,4,1.68,0.72,953.08
Mutare-Harare,263,3,0,30t,5,1,2,1.68,0.72,672.67
Mutare-Harare,263,3,0,5t,3,0,5,1.68,0.72,394.79
Harare-Beitbridge,580,6,122,30t,2,1,5,1.68,0.72,976.87
Harare-Bulawayo,440,5,0,14t,3,0,4,1.68,0.72,673.64
Bulawayo-Vic Falls,435,4,0,5t,2,1,3,1.68,0.72,423.06
Bulawayo-Vic Falls,435,4,0,14t,3,1,5,1.68,0.72,416.78
Bulawayo-Vic Falls,435,4,0,14t,2,1,2,1.68,0.72,584.27
Bulawayo-Vic Falls,435,4,0,14t,2,0,5,1.68,0.72,563.06
Mutare-Harare,263,3,0,30t,2,1,5,1.68,0.72,479.94
Harare-Gweru,275,3,0,14t,1,0,1,1.68,0.72,690.12
Bulawayo-Vic Falls,435,4,0,14t,1,0,1,1.68,0.72,801.27
Mutare-Harare,263,3,0,30t,3,0,4,1.68,0.72,719.94
Harare-Gweru,275,3,0,30t,5,0,2,1.68,0.72,943.36
Harare-Bulawayo,440,5,0,30t,2,0,2,1.68,0.72,1092.35
Mutare-Harare,263,3,0,5t,4,1,3,1.68,0.72,424.83
Bulawayo-Vic Falls,435,4,0,14t,2,0,5,1.68,0.72,563.06
Harare-Gweru,275,3,0,5t,4,0,5,1.68,0.72,415.29
Harare-Gweru,275,3,0,5t,4,0,5,1.68,0.72,415.29
Harare-Beitbridge,580,6,122,5t,4,0,5,1.68,0.72,773.49
Harare-Bulawayo,440,5,0,5t,3,0,1,1.68,0.72,781.09
Harare-Beitbridge,580,6,122,5t,1,0,5,1.68,0.72,687.55
Harare-Bulawayo,440,5,0,30t,1,0,4,1.68,0.72,918.29
Bulawayo-Vic Falls,435,4,0,14t,5,0,2,1.68,0.72,858.77
Harare-Beitbridge,580,6,122,30t,2,0,3,1.68,0.72,1383.38
Mutare-Harare,263,3,0,30t,4,1,4,1.68,0.72,525.5
Bulawayo-Vic Falls,435,4,0,14t,2,0,1,1.68,0.72,834.66
Harare-Bulawayo,440,5,0,14t,3,0,5,1.68,0.72,603.03
Bulawayo-Vic Falls,435,4,0,14t,5,0,3,1.68,0.72,782.72
Harare-Gweru,275,3,0,30t,5,1,5,1.68,0.72,532.37
Harare-Bulawayo,440,5,0,30t,2,0,3,1.68,0.72,1024.45
Harare-Beitbridge,580,6,122,30t,3,0,1,1.68,0.72,1579.95
Harare-Beitbridge,580,6,122,5t,4,0,1,1.68,0.72,1066.82
Bulawayo-Vic Falls,435,4,0,30t,2,0,4,1.68,0.72,923.46
Harare-Gweru,275,3,0,30t,4,0,3,1.68,0.72,836.34
Harare-Beitbridge,580,6,122,30t,4,0,2,1.68,0.72,1567.38
Bulawayo-Vic Falls,435,4,0,5t,3,0,5,1.68,0.72,482.37
Harare-Beitbridge,580,6,122,30t,5,0,3,1.68,0.72,1549.38
Harare-Gweru,275,3,0,30t,3,0,4,1.68,0.72,734.75
Mutare-Harare,263,3,0,14t,1,1,2,1.68,0.72,443.83
Harare-Beitbridge,580,6,122,30t,1,1,3,1.68,0.72,1045.82
Harare-Gweru,275,3,0,5t,3,0,1,1.68,0.72,682.38
Harare-Gweru,275,3,0,30t,3,0,3,1.68,0.72,805.36
Harare-Beitbridge,580,6,122,5t,5,0,2,1.68,0.72,1030.29
Harare-Beitbridge,580,6,122,5t,1,1,4,1.68,0.72,598.73
Harare-Bulawayo,440,5,0,14t,5,0,2,1.68,0.72,877.56
Bulawayo-Vic Falls,435,4,0,14t,5,0,2,1.68,0.72,858.77
Harare-Gweru,275,3,0,30t,3,1,3,1.68,0.72,591.25
Harare-Beitbridge,580,6,122,14t,5,0,4,1.68,0.72,1026.39
Harare-Bulawayo,440,5,0,30t,4,0,1,1.68,0.72,1253.07
Harare-Gweru,275,3,0,5t,3,0,4,1.68,0.72,470.53
Mutare-Harare,263,3,0,30t,1,0,2,1.68,0.72,794.93
Bulawayo-Vic Falls,435,4,0,5t,2,0,5,1.68,0.72,463.82
Harare-Gweru,275,3,0,5t,4,1,5,1.68,0.72,299.0
Bulawayo-Vic Falls,435,4,0,5t,3,0,3,1.68,0.72,623.6
Harare-Beitbridge,580,6,122,30t,3,0,1,1.68,0.72,1579.95
Harare-Gweru,275,3,0,5t,1,1,2,1.68,0.72,450.77
Harare-Bulawayo,440,5,0,30t,5,0,1,1.68,0.72,1299.48
Mutare-Harare,263,3,0,30t,4,0,3,1.68,0.72,820.96
Harare-Gweru,275,3,0,14t,5,1,3,1.68,0.72,514.75
Harare-Gweru,275,3,0,5t,3,0,5,1.68,0.72,399.91
Harare-Bulawayo,440,5,0,30t,4,0,3,1.68,0.72,1106.41
Harare-Bulawayo,440,5,0,5t,2,1,5,1.68,0.72,379.19
Mutare-Harare,263,3,0,14t,1,0,3,1.68,0.72,552.39
Bulawayo-Vic Falls,435,4,0,14t,1,1,4,1.68,0.72,465.81
Bulawayo-Vic Falls,435,4,0,14t,1,1,2,1.68,0.72,569.88
Harare-Beitbridge,580,6,122,5t,3,0,5,1.68,0.72,744.85
Bulawayo-Vic Falls,435,4,0,14t,5,0,3,1.68,0.72,782.72
Harare-Bulawayo,440,5,0,30t,3,0,4,1.68,0.72,994.82
Harare-Bulawayo,440,5,0,5t,4,0,4,1.68,0.72,591.14
Bulawayo-Vic Falls,435,4,0,14t,2,0,1,1.68,0.72,834.66
Harare-Gweru,275,3,0,5t,4,0,4,1.68,0.72,488.63
Harare-Beitbridge,580,6,122,5t,2,1,1,1.68,0.72,751.41
Harare-Gweru,275,3,0,14t,5,0,4,1.68,0.72,576.99
Harare-Beitbridge,580,6,122,5t,4,0,3,1.68,0.72,920.16
Harare-Beitbridge,580,6,122,30t,3,0,3,1.68,0.72,1438.71
Harare-Gweru,275,3,0,14t,4,1,5,1.68,0.72,362.21
Harare-Bulawayo,440,5,0,14t,1,0,4,1.68,0.72,621.82
Mutare-Harare,263,3,0,14t,3,1,3,1.68,0.72,455.66
Harare-Gweru,275,3,0,5t,1,1,5,1.68,0.72,283.38
Bulawayo-Vic Falls,435,4,0,5t,5,0,1,1.68,0.72,823.67
Bulawayo-Vic Falls,435,4,0,30t,5,0,2,1.68,0.72,1186.37
Harare-Bulawayo,440,5,0,5t,4,1,4,1.68,0.72,456.28
Mutare-Harare,263,3,0,30t,3,0,1,1.68,0.72,931.79
Mutare-Harare,263,3,0,30t,5,1,3,1.68,0.72,643.29
Bulawayo-Vic Falls,435,4,0,30t,1,0,2,1.68,0.72,1016.89
Mutare-Harare,263,3,0,5t,1,1,1,1.68,0.72,441.48
Bulawayo-Vic Falls,435,4,0,5t,2,0,3,1.68,0.72,599.62
Bulawayo-Vic Falls,435,4,0,14t,4,0,4,1.68,0.72,681.44
Bulawayo-Vic Falls,435,4,0,30t,4,0,1,1.68,0.72,1217.33
Bulawayo-Vic Falls,435,4,0,30t,1,0,1,1.68,0.72,1082.08
Harare-Beitbridge,580,6,122,5t,2,0,3,1.68,0.72,852.0
Harare-Gweru,275,3,0,30t,3,0,3,1.68,0.72,805.36
Harare-Gweru,275,3,0,5t,2,0,5,1.68,0.72,384.53
Mutare-Harare,263,3,0,14t,5,0,3,1.68,0.72,644.45
Bulawayo-Vic Falls,435,4,0,14t,5,0,4,1.68,0.72,706.67
Mutare-Harare,263,3,0,14t,5,0,3,1.68,0.72,644.45
Bulawayo-Vic Falls,435,4,0,5t,2,0,3,1.68,0.72,599.62
Harare-Beitbridge,580,6,122,30t,3,1,5,1.68,0.72,1013.51
Mutare-Harare,263,3,0,14t,4,0,1,1.68,0.72,768.1
Harare-Gweru,275,3,0,5t,2,0,1,1.68,0.72,656.13
Harare-Bulawayo,440,5,0,5t,3,1,3,1.68,0.72,454.58
Harare-Gweru,275,3,0,30t,5,1,5,1.68,0.72,546.55
Harare-Beitbridge,580,6,122,5t,3,0,3,1.68,0.72,886.08
Harare-Beitbridge,580,6,122,14t,5,0,5,1.68,0.72,950.34
Harare-Bulawayo,440,5,0,30t,5,0,5,1.68,0.72,995.29
Harare-Beitbridge,580,6,122,5t,2,0,1,1.68,0.72,987.8
Mutare-Harare,263,3,0,5t,1,0,1,1.68,0.72,625.16
Harare-Bulawayo,440,5,0,5t,3,0,5,1.68,0.72,498.63
Harare-Bulawayo,440,5,0,30t,1,0,4,1.68,0.72,918.29
Mutare-Harare,263,3,0,5t,4,0,5,1.68,0.72,409.97
Harare-Beitbridge,580,6,122,14t,4,0,3,1.68,0.72,1063.07
Mutare-Harare,263,3,0,5t,1,0,3,1.68,0.72,494.79
Harare-Gweru,275,3,0,14t,1,0,1,1.68,0.72,690.12
Harare-Gweru,275,3,0,30t,4,0,4,1.68,0.72,763.0
Mutare-Harare,263,3,0,14t,5,0,2,1.68,0.72,720.5
Bulawayo-Vic Falls,435,4,0,14t,5,0,4,1.68,0.72,706.67
Harare-Beitbridge,580,6,122,5t,4,0,1,1.68,0.72,1066.82
Harare-Gweru,275,3,0,14t,2,0,5,1.68,0.72,447.27
Harare-Gweru,275,3,0,14t,3,0,5,1.68,0.72,465.16
Harare-Bulawayo,440,5,0,14t,3,0,3,1.68,0.72,744.26
Harare-Gweru,275,3,0,30t,3,0,4,1.68,0.72,734.75
Bulawayo-Vic Falls,435,4,0,14t,2,0,5,1.68,0.72,563.06
Bulawayo-Vic Falls,435,4,0,14t,1,1,1,1.68,0.72,637.06
Bulawayo-Vic Falls,435,4,0,5t,1,0,4,1.68,0.72,510.45
Mutare-Harare,263,3,0,5t,5,0,4,1.68,0.72,501.2
Harare-Bulawayo,440,5,0,14t,3,0,2,1.68,0.72,814.87
Harare-Gweru,275,3,0,5t,1,0,2,1.68,0.72,564.7
Bulawayo-Vic Falls,435,4,0,30t,5,1,4,1.68,0.72,790.83
Harare-Beitbridge,580,6,122,30t,3,0,1,1.68,0.72,1579.95
Harare-Beitbridge,580,6,122,30t,4,0,4,1.68,0.72,1420.72
Harare-Gweru,275,3,0,30t,3,1,2,1.68,0.72,696.59
Mutare-Harare,263,3,0,5t,3,0,5,1.68,0.72,394.79
Bulawayo-Vic Falls,435,4,0,5t,1,0,2,1.68,0.72,640.82
Harare-Gweru,275,3,0,5t,2,0,2,1.68,0.72,588.23
Harare-Beitbridge,580,6,122,30t,1,1,3,1.68,0.72,965.79
Harare-Bulawayo,440,5,0,5t,4,1,1,1.68,0.72,630.73
Harare-Beitbridge,580,6,122,30t,1,0,3,1.68,0.72,1328.04
Harare-Bulawayo,440,5,0,5t,5,0,3,1.68,0.72,689.08
Harare-Bulawayo,440,5,0,5t,4,1,5,1.68,0.72,365.44
Harare-Bulawayo,440,5,0,14t,3,0,1,1.68,0.72,885.49
Harare-Bulawayo,440,5,0,30t,4,0,5,1.68,0.72,959.75
Mutare-Harare,263,3,0,14t,2,0,4,1.68,0.72,507.51
Bulawayo-Vic Falls,435,4,0,14t,4,0,3,1.68,0.72,754.77
Harare-Gweru,275,3,0,14t,5,1,4,1.68,0.72,409.99
Harare-Bulawayo,440,5,0,30t,2,0,3,1.68,0.72,1024.45
Harare-Bulawayo,440,5,0,14t,2,0,3,1.68,0.72,715.63
Bulawayo-Vic Falls,435,4,0,5t,5,0,1,1.68,0.72,823.67
Mutare-Harare,263,3,0,5t,5,0,5,1.68,0.72,425.16
Harare-Gweru,275,3,0,5t,5,0,5,1.68,0.72,430.68
Mutare-Harare,263,3,0,5t,4,1,5,1.68,0.72,317.92
Harare-Beitbridge,580,6,122,30t,3,0,1,1.68,0.72,1579.95
Harare-Gweru,275,3,0,14t,5,0,2,1.68,0.72,729.09
Harare-Beitbridge,580,6,122,30t,1,1,2,1.68,0.72,1036.92
Mutare-Harare,263,3,0,5t,2,0,2,1.68,0.72,583.3
Harare-Bulawayo,440,5,0,30t,2,0,4,1.68,0.72,956.55
Harare-Beitbridge,580,6,122,14t,4,0,4,1.68,0.72,989.74
Harare-Beitbridge,580,6,122,5t,3,0,3,1.68,0.72,886.08
Bulawayo-Vic Falls,435,4,0,14t,4,0,2,1.68,0.72,828.1
Harare-Gweru,275,3,0,14t,4,0,4,1.68,0.72,556.38
Bulawayo-Vic Falls,435,4,0,14t,2,0,2,1.68,0.72,766.76
Harare-Gweru,275,3,0,30t,5,0,1,1.68,0.72,1019.41
Bulawayo-Vic Falls,435,4,0,14t,5,1,2,1.68,0.72,682.44
Mutare-Harare,263,3,0,5t,3,1,4,1.68,0.72,367.26
Harare-Beitbridge,580,6,122,5t,3,0,2,1.68,0.72,956.69
Harare-Beitbridge,580,6,122,30t,3,0,3,1.68,0.72,1438.71
Harare-Bulawayo,440,5,0,5t,3,0,1,1.68,0.72,781.09
Harare-Gweru,275,3,0,5t,2,0,2,1.68,0.72,588.23
Mutare-Harare,263,3,0,5t,5,0,1,1.68,0.72,729.35
Mutare-Harare,263,3,0,30t,5,1,3,1.68,0.72,607.13
Harare-Gweru,275,3,0,5t,2,0,3,1.68,0.72,520.33
Harare-Bulawayo,440,5,0,14t,5,0,4,1.68,0.72,725.46
Harare-Gweru,275,3,0,30t,5,0,1,1.68,0.72,1019.41
Harare-Gweru,275,3,0,5t,4,1,1,1.68,0.72,525.78
Mutare-Harare,263,3,0,14t,4,0,4,1.68,0.72,548.11
Harare-Beitbridge,580,6,122,14t,1,0,3,1.68,0.72,944.95
Mutare-Harare,263,3,0,14t,5,0,3,1.68,0.72,644.45
Bulawayo-Vic Falls,435,4,0,14t,5,0,5,1.68,0.72,630.63
Harare-Gweru,275,3,0,14t,5,1,5,1.68,0.72,354.42
Mutare-Harare,263,3,0,14t,3,0,5,1.68,0.72,457.19
Harare-Gweru,275,3,0,30t,5,0,1,1.68,0.72,1019.41
Harare-Gweru,275,3,0,5t,2,0,2,1.68,0.72,588.23
Harare-Beitbridge,580,6,122,30t,1,1,5,1.68,0.72,918.26
Harare-Gweru,275,3,0,5t,3,1,4,1.68,0.72,359.89
Harare-Bulawayo,440,5,0,30t,5,1,2,1.68,0.72,862.81
Harare-Bulawayo,440,5,0,14t,2,0,3,1.68,0.72,715.63
Mutare-Harare,263,3,0,30t,5,0,5,1.68,0.72,699.27
Harare-Beitbridge,580,6,122,5t,4,1,3,1.68,0.72,681.54
Harare-Bulawayo,440,5,0,30t,2,0,4,1.68,0.72,956.55
Mutare-Harare,263,3,0,5t,4,0,4,1.68,0.72,483.3
Harare-Gweru,275,3,0,14t,1,0,4,1.68,0.72,494.56
Harare-Gweru,275,3,0,14t,2,0,1,1.68,0.72,718.87
Harare-Bulawayo,440,5,0,14t,3,1,4,1.68,0.72,516.37
Harare-Beitbridge,580,6,122,30t,1,0,1,1.68,0.72,1458.41
Harare-Gweru,275,3,0,30t,1,0,4,1.68,0.72,678.23
Harare-Bulawayo,440,5,0,30t,4,0,3,1.68,0.72,1106.41
Mutare-Harare,263,3,0,5t,1,1,4,1.68,0.72,307.67
Bulawayo-Vic Falls,435,4,0,5t,5,0,2,1.68,0.72,747.62
Harare-Bulawayo,440,5,0,30t,2,0,1,1.68,0.72,1160.25
Mutare-Harare,263,3,0,5t,3,0,5,1.68,0.72,394.79
Harare-Bulawayo,440,5,0,5t,2,0,4,1.68,0.72,547.35
Harare-Beitbridge,580,6,122,14t,5,0,5,1.68,0.72,950.34
Harare-Gweru,275,3,0,14t,5,0,1,1.68,0.72,805.14
Harare-Bulawayo,440,5,0,5t,3,0,1,1.68,0.72,781.09
Bulawayo-Vic Falls,435,4,0,5t,4,1,4,1.68,0.72,437.73
Harare-Beitbridge,580,6,122,30t,4,0,1,1.68,0.72,1640.71
Harare-Gweru,275,3,0,5t,4,0,2,1.68,0.72,635.29
Bulawayo-Vic Falls,435,4,0,5t,3,0,4,1.68,0.72,552.99
Harare-Gweru,275,3,0,5t,2,0,2,1.68,0.72,588.23
Mutare-Harare,263,3,0,14t,5,1,4,1.68,0.72,428.25
Bulawayo-Vic Falls,435,4,0,5t,3,0,2,1.68,0.72,694.22
Bulawayo-Vic Falls,435,4,0,5t,3,0,2,1.68,0.72,694.22
Harare-Beitbridge,580,6,122,5t,5,0,1,1.68,0.72,1106.33
Harare-Bulawayo,440,5,0,5t,3,0,5,1.68,0.72,498.63
Harare-Bulawayo,440,5,0,14t,4,0,5,1.68,0.72,626.22
Harare-Bulawayo,440,5,0,30t,4,0,1,1.68,0.72,1253.07
Bulawayo-Vic Falls,435,4,0,14t,2,0,4,1.68,0.72,630.96
Bulawayo-Vic Falls,435,4,0,30t,4,1,4,1.68,0.72,733.63
Harare-Beitbridge,580,6,122,5t,2,0,1,1.68,0.72,987.8
Harare-Bulawayo,440,5,0,5t,2,1,1,1.68,0.72,534.08
Harare-Beitbridge,580,6,122,14t,1,0,4,1.68,0.72,879.76
Harare-Gweru,275,3,0,30t,2,0,3,1.68,0.72,774.39
Bulawayo-Vic Falls,435,4,0,30t,3,0,2,1.68,0.72,1101.63
Harare-Beitbridge,580,6,122,5t,5,0,4,1.68,0.72,878.19
Harare-Bulawayo,440,5,0,30t,1,0,2,1.68,0.72,1048.66
Bulawayo-Vic Falls,435,4,0,30t,2,0,5,1.68,0.72,855.56
Mutare-Harare,263,3,0,5t,2,0,2,1.68,0.72,583.3
Bulawayo-Vic Falls,435,4,0,5t,3,1,4,1.68,0.72,433.18
Harare-Bulawayo,440,5,0,5t,4,0,2,1.68,0.72,737.8
Mutare-Harare,263,3,0,30t,2,0,1,1.68,0.72,895.95
Mutare-Harare,263,3,0,14t,4,0,3,1.68,0.72,621.44
Mutare-Harare,263,3,0,14t,1,0,2,1.68,0.72,617.57
Harare-Bulawayo,440,5,0,5t,4,0,2,1.68,0.72,737.8
Bulawayo-Vic Falls,435,4,0,30t,3,0,1,1.68,0.72,1172.25
Harare-Beitbridge,580,6,122,30t,2,0,2,1.68,0.72,1451.28
Harare-Beitbridge,580,6,122,5t,1,0,5,1.68,0.72,687.55
Harare-Beitbridge,580,6,122,5t,1,1,2,1.68,0.72,706.42
Harare-Gweru,275,3,0,14t,4,0,1,1.68,0.72,776.38
Mutare-Harare,263,3,0,14t,3,0,4,1.68,0.72,527.81
Mutare-Harare,263,3,0,14t,1,0,2,1.68,0.72,617.57
Harare-Gweru,275,3,0,30t,4,0,3,1.68,0.72,836.34
Harare-Gweru,275,3,0,30t,1,1,5,1.68,0.72,458.51
Bulawayo-Vic Falls,435,4,0,30t,1,0,5,1.68,0.72,821.34
Bulawayo-Vic Falls,435,4,0,30t,3,0,4,1.68,0.72,960.4
Bulawayo-Vic Falls,435,4,0,14t,2,0,2,1.68,0.72,766.76
Bulawayo-Vic Falls,435,4,0,14t,5,0,5,1.68,0.72,630.63
Harare-Bulawayo,440,5,0,30t,3,0,2,1.68,0.72,1136.05
Harare-Bulawayo,440,5,0,30t,2,0,3,1.68,0.72,1024.45
Harare-Gweru,275,3,0,5t,3,0,2,1.68,0.72,611.76
Harare-Gweru,275,3,0,5t,1,0,2,1.68,0.72,564.7
Mutare-Harare,263,3,0,30t,2,0,2,1.68,0.72,828.05
Harare-Gweru,275,3,0,5t,4,0,1,1.68,0.72,708.62
Harare-Gweru,275,3,0,5t,2,0,4,1.68,0.72,452.43
Harare-Gweru,275,3,0,30t,2,0,5,1.68,0.72,638.59
Bulawayo-Vic Falls,435,4,0,30t,1,0,5,1.68,0.72,821.34
Mutare-Harare,263,3,0,30t,5,0,3,1.68,0.72,851.37
Harare-Bulawayo,440,5,0,14t,5,0,2,1.68,0.72,877.56
Harare-Bulawayo,440,5,0,30t,4,0,2,1.68,0.72,1179.74
Mutare-Harare,263,3,0,14t,5,0,1,1.68,0.72,796.55
Harare-Gweru,275,3,0,14t,1,1,3,1.68,0.72,410.28
Bulawayo-Vic Falls,435,4,0,14t,5,0,2,1.68,0.72,858.77
Mutare-Harare,263,3,0,14t,4,1,3,1.68,0.72,444.23
Bulawayo-Vic Falls,435,4,0,5t,2,0,3,1.68,0.72,599.62
Mutare-Harare,263,3,0,30t,2,0,4,1.68,0.72,692.25
Harare-Gweru,275,3,0,5t,2,0,1,1.68,0.72,656.13
Harare-Gweru,275,3,0,30t,5,0,1,1.68,0.72,1019.41
Harare-Gweru,275,3,0,14t,4,0,2,1.68,0.72,703.05
Harare-Gweru,275,3,0,5t,5,0,2,1.68,0.72,658.82
Bulawayo-Vic Falls,435,4,0,30t,4,0,1,1.68,0.72,1217.33
Harare-Bulawayo,440,5,0,30t,3,1,3,1.68,0.72,821.57
Harare-Beitbridge,580,6,122,30t,3,0,2,1.68,0.72,1509.33
Harare-Bulawayo,440,5,0,14t,5,0,2,1.68,0.72,877.56
Harare-Bulawayo,440,5,0,5t,4,0,4,1.68,0.72,591.14
Harare-Beitbridge,580,6,122,30t,3,0,3,1.68,0.72,1438.71
Harare-Gweru,275,3,0,30t,5,0,2,1.68,0.72,943.36
Harare-Beitbridge,580,6,122,5t,3,0,2,1.68,0.72,956.69
Harare-Bulawayo,440,5,0,14t,5,0,3,1.68,0.72,801.51
Harare-Beitbridge,580,6,122,14t,5,0,2,1.68,0.72,1178.49
Harare-Beitbridge,580,6,122,30t,3,0,2,1.68,0.72,1509.33
Mutare-Harare,263,3,0,14t,2,0,2,1.68,0.72,643.31
Harare-Bulawayo,440,5,0,30t,4,0,3,1.68,0.72,1106.41
Harare-Gweru,275,3,0,5t,5,1,1,1.68,0.72,521.53
Harare-Gweru,275,3,0,14t,4,0,3,1.68,0.72,629.72
Harare-Beitbridge,580,6,122,30t,4,1,5,1.68,0.72,968.37
Mutare-Harare,263,3,0,30t,1,1,2,1.68,0.72,565.72
Harare-Bulawayo,440,5,0,14t,2,0,1,1.68,0.72,851.43
Harare-Bulawayo,440,5,0,30t,2,0,1,1.68,0.72,1160.25
Harare-Gweru,275,3,0,30t,5,1,3,1.68,0.72,609.52
Mutare-Harare,263,3,0,30t,3,0,4,1.68,0.72,719.94
Harare-Gweru,275,3,0,5t,3,0,2,1.68,0.72,611.76
Harare-Beitbridge,580,6,122,5t,2,0,5,1.68,0.72,716.2
Harare-Bulawayo,440,5,0,30t,2,1,4,1.68,0.72,722.68
Bulawayo-Vic Falls,435,4,0,14t,4,0,5,1.68,0.72,608.1
Harare-Beitbridge,580,6,122,30t,2,1,4,1.68,0.72,1016.58
Harare-Beitbridge,580,6,122,30t,2,0,3,1.68,0.72,1383.38
Harare-Gweru,275,3,0,30t,4,0,5,1.68,0.72,689.67
Harare-Bulawayo,440,5,0,5t,2,0,4,1.68,0.72,547.35
Harare-Gweru,275,3,0,30t,2,0,5,1.68,0.72,638.59
Harare-Gweru,275,3,0,30t,2,0,3,1.68,0.72,774.39
Mutare-Harare,263,3,0,14t,2,1,5,1.68,0.72,343.77
Harare-Beitbridge,580,6,122,14t,3,0,2,1.68,0.72,1094.31
Harare-Gweru,275,3,0,14t,5,0,5,1.68,0.72,500.94
Harare-Bulawayo,440,5,0,14t,4,1,4,1.68,0.72,521.83
Harare-Gweru,275,3,0,14t,4,0,5,1.68,0.72,483.05
Harare-Gweru,275,3,0,5t,2,1,1,1.68,0.72,523.8
Bulawayo-Vic Falls,435,4,0,14t,5,0,2,1.68,0.72,858.77
Harare-Beitbridge,580,6,122,5t,3,1,2,1.68,0.72,733.02
Harare-Bulawayo,440,5,0,14t,1,0,2,1.68,0.72,752.19
Bulawayo-Vic Falls,435,4,0,30t,2,1,5,1.68,0.72,683.03
Harare-Bulawayo,440,5,0,14t,3,0,1,1.68,0.72,885.49
Harare-Bulawayo,440,5,0,30t,1,0,4,1.68,0.72,918.29
Harare-Bulawayo,440,5,0,14t,4,1,3,1.68,0.72,545.4
Mutare-Harare,263,3,0,30t,1,0,5,1.68,0.72,599.38
Mutare-Harare,263,3,0,30t,4,1,1,1.68,0.72,773.11
Mutare-Harare,263,3,0,30t,3,0,2,1.68,0.72,861.17
Harare-Beitbridge,580,6,122,14t,2,0,1,1.68,0.72,1120.12
Mutare-Harare,263,3,0,5t,4,0,4,1.68,0.72,483.3
Harare-Bulawayo,440,5,0,30t,2,1,2,1.68,0.72,848.73
Harare-Bulawayo,440,5,0,5t,5,0,2,1.68,0.72,765.13
Bulawayo-Vic Falls,435,4,0,30t,1,0,1,1.68,0.72,1082.08
Harare-Beitbridge,580,6,122,30t,3,0,5,1.68,0.72,1297.48
Harare-Beitbridge,580,6,122,5t,5,0,5,1.68,0.72,802.14
Harare-Beitbridge,580,6,122,14t,2,0,1,1.68,0.72,1120.12
Bulawayo-Vic Falls,435,4,0,5t,1,0,2,1.68,0.72,640.82
Harare-Bulawayo,440,5,0,30t,3,0,4,1.68,0.72,994.82
Mutare-Harare,263,3,0,14t,1,0,1,1.68,0.72,682.76
Harare-Bulawayo,440,5,0,14t,3,0,1,1.68,0.72,885.49
Bulawayo-Vic Falls,435,4,0,5t,3,1,5,1.68,0.72,381.26
Bulawayo-Vic Falls,435,4,0,5t,2,0,4,1.68,0.72,531.72
Bulawayo-Vic Falls,435,4,0,30t,1,0,2,1.68,0.72,1016.89
Bulawayo-Vic Falls,435,4,0,30t,4,0,2,1.68,0.72,1144.0
Harare-Bulawayo,440,5,0,30t,2,1,4,1.68,0.72,695.69
Mutare-Harare,263,3,0,5t,1,0,1,1.68,0.72,625.16
Harare-Beitbridge,580,6,122,5t,2,0,5,1.68,0.72,716.2
Harare-Gweru,275,3,0,5t,2,1,5,1.68,0.72,289.91
Harare-Gweru,275,3,0,14t,3,0,2,1.68,0.72,677.01
Bulawayo-Vic Falls,435,4,0,30t,3,0,5,1.68,0.72,889.78
Harare-Gweru,275,3,0,14t,2,0,3,1.68,0.72,583.07
Harare-Beitbridge,580,6,122,14t,2,0,5,1.68,0.72,848.52
Harare-Gweru,275,3,0,14t,5,0,4,1.68,0.72,576.99
Harare-Beitbridge,580,6,122,30t,5,1,1,1.68,0.72,1228.93
Bulawayo-Vic Falls,435,4,0,5t,2,1,4,1.68,0.72,381.83
Harare-Bulawayo,440,5,0,30t,5,1,1,1.68,0.72,1033.74
Bulawayo-Vic Falls,435,4,0,14t,3,0,3,1.68,0.72,726.81
Harare-Gweru,275,3,0,5t,3,0,1,1.68,0.72,682.38
Bulawayo-Vic Falls,435,4,0,30t,5,0,2,1.68,0.72,1186.37
Harare-Gweru,275,3,0,5t,5,1,3,1.68,0.72,457.75
Harare-Gweru,275,3,0,14t,4,1,2,1.68,0.72,528.65
Harare-Bulawayo,440,5,0,30t,2,0,1,1.68,0.72,1160.25
Harare-Beitbridge,580,6,122,30t,5,0,4,1.68,0.72,1473.34
Mutare-Harare,263,3,0,30t,4,0,2,1.68,0.72,894.29
Harare-Beitbridge,580,6,122,30t,3,0,3,1.68,0.72,1438.71
Harare-Gweru,275,3,0,5t,4,0,1,1.68,0.72,708.62
Mutare-Harare,263,3,0,14t,4,0,4,1.68,0.72,548.11
Harare-Beitbridge,580,6,122,14t,4,0,1,1.68,0.72,1209.73
Harare-Bulawayo,440,5,0,14t,3,0,3,1.68,0.72,744.26
Harare-Beitbridge,580,6,122,5t,1,0,4,1.68,0.72,752.73
Mutare-Harare,263,3,0,5t,1,0,2,1.68,0.72,559.97
Mutare-Harare,263,3,0,30t,5,0,2,1.68,0.72,927.42
Harare-Beitbridge,580,6,122,5t,3,1,3,1.68,0.72,655.09
Harare-Gweru,275,3,0,5t,1,0,3,1.68,0.72,499.52
Bulawayo-Vic Falls,435,4,0,14t,5,0,4,1.68,0.72,706.67
Bulawayo-Vic Falls,435,4,0,30t,4,1,2,1.68,0.72,901.1
Mutare-Harare,263,3,0,14t,5,0,2,1.68,0.72,720.5
Harare-Gweru,275,3,0,5t,1,1,1,1.68,0.72,486.75
Bulawayo-Vic Falls,435,4,0,30t,2,0,3,1.68,0.72,991.36
Mutare-Harare,263,3,0,14t,1,0,4,1.68,0.72,487.21
Harare-Bulawayo,440,5,0,30t,1,0,4,1.68,0.72,918.29
Harare-Bulawayo,440,5,0,14t,2,1,4,1.68,0.72,490.34
Bulawayo-Vic Falls,435,4,0,5t,4,0,1,1.68,0.72,794.25
Mutare-Harare,263,3,0,14t,5,1,1,1.68,0.72,582.17
Bulawayo-Vic Falls,435,4,0,14t,5,0,3,1.68,0.72,782.72
Bulawayo-Vic Falls,435,4,0,30t,5,0,4,1.68,0.72,1034.28
Harare-Bulawayo,440,5,0,30t,2,0,4,1.68,0.72,956.55
Bulawayo-Vic Falls,435,4,0,30t,5,0,2,1.68,0.72,1186.37
Bulawayo-Vic Falls,435,4,0,5t,5,0,3,1.68,0.72,671.57
Mutare-Harare,263,3,0,30t,3,0,1,1.68,0.72,931.79
Harare-Bulawayo,440,5,0,5t,2,0,5,1.68,0.72,479.45
Harare-Bulawayo,440,5,0,5t,4,0,2,1.68,0.72,737.8
Bulawayo-Vic Falls,435,4,0,30t,2,0,3,1.68,0.72,991.36
Bulawayo-Vic Falls,435,4,0,30t,1,0,2,1.68,0.72,1016.89
Harare-Beitbridge,580,6,122,14t,1,0,4,1.68,0.72,879.76
Bulawayo-Vic Falls,435,4,0,14t,1,0,5,1.68,0.72,540.54
Harare-Bulawayo,440,5,0,30t,5,0,1,1.68,0.72,1299.48
Harare-Bulawayo,440,5,0,5t,2,0,4,1.68,0.72,547.35
Harare-Beitbridge,580,6,122,5t,1,0,3,1.68,0.72,817.92
Harare-Beitbridge,580,6,122,30t,3,0,1,1.68,0.72,1579.95
Harare-Beitbridge,580,6,122,30t,1,1,3,1.68,0.72,972.06
Harare-Beitbridge,580,6,122,14t,5,0,2,1.68,0.72,1178.49
Harare-Gweru,275,3,0,14t,4,1,5,1.68,0.72,383.66
Bulawayo-Vic Falls,435,4,0,30t,2,0,2,1.68,0.72,1059.26
Harare-Gweru,275,3,0,5t,4,0,3,1.68,0.72,561.96
Harare-Bulawayo,440,5,0,14t,3,0,2,1.68,0.72,814.87
Bulawayo-Vic Falls,435,4,0,5t,2,0,1,1.68,0.72,735.42
Bulawayo-Vic Falls,435,4,0,5t,4,0,4,1.68,0.72,574.25
Harare-Gweru,275,3,0,30t,1,0,2,1.68,0.72,808.59
Harare-Bulawayo,440,5,0,5t,1,1,3,1.68,0.72,444.28
Harare-Gweru,275,3,0,14t,1,0,2,1.68,0.72,624.93
Harare-Gweru,275,3,0,30t,4,0,4,1.68,0.72,763.0
Bulawayo-Vic Falls,435,4,0,14t,2,0,1,1.68,0.72,834.66
Harare-Bulawayo,440,5,0,30t,1,0,4,1.68,0.72,918.29
Mutare-Harare,263,3,0,30t,5,1,2,1.68,0.72,718.11
Bulawayo-Vic Falls,435,4,0,5t,5,0,1,1.68,0.72,823.67
Harare-Gweru,275,3,0,14t,5,0,5,1.68,0.72,500.94
Harare-Bulawayo,440,5,0,30t,2,0,1,1.68,0.72,1160.25
Harare-Bulawayo,440,5,0,5t,4,1,2,1.68,0.72,516.5
Harare-Gweru,275,3,0,5t,2,0,4,1.68,0.72,452.43
Harare-Gweru,275,3,0,14t,3,0,3,1.68,0.72,606.39
Harare-Bulawayo,440,5,0,30t,1,0,5,1.68,0.72,853.11
Mutare-Harare,263,3,0,5t,1,0,3,1.68,0.72,494.79
Harare-Bulawayo,440,5,0,14t,5,1,1,1.68,0.72,736.53
Harare-Gweru,275,3,0,5t,1,0,2,1.68,0.72,564.7
Bulawayo-Vic Falls,435,4,0,14t,4,0,5,1.68,0.72,608.1
Harare-Gweru,275,3,0,5t,5,0,5,1.68,0.72,430.68
Harare-Bulawayo,440,5,0,14t,3,0,3,1.68,0.72,744.26
Harare-Bulawayo,440,5,0,5t,1,0,4,1.68,0.72,525.46
Harare-Bulawayo,440,5,0,30t,5,0,3,1.68,0.72,1147.39
Bulawayo-Vic Falls,435,4,0,5t,4,0,5,1.68,0.72,500.92
Harare-Bulawayo,440,5,0,30t,5,1,4,1.68,0.72,774.81
Harare-Beitbridge,580,6,122,5t,1,1,2,1.68,0.72,621.93
Mutare-Harare,263,3,0,14t,2,0,1,1.68,0.72,711.21
Harare-Bulawayo,440,5,0,5t,1,0,4,1.68,0.72,525.46
Harare-Bulawayo,440,5,0,5t,3,0,1,1.68,0.72,781.09
Harare-Gweru,275,3,0,30t,4,0,3,1.68,0.72,836.34
Mutare-Harare,263,3,0,5t,4,0,5,1.68,0.72,409.97
Harare-Bulawayo,440,5,0,30t,5,1,2,1.68,0.72,928.82
Mutare-Harare,263,3,0,5t,4,0,5,1.68,0.72,409.97
Harare-Gweru,275,3,0,30t,5,1,4,1.68,0.72,573.75
Harare-Bulawayo,440,5,0,5t,1,0,5,1.68,0.72,460.27
Harare-Bulawayo,440,5,0,14t,1,1,1,1.68,0.72,612.19
Harare-Beitbridge,580,6,122,5t,4,0,2,1.68,0.72,993.49
Harare-Beitbridge,580,6,122,5t,1,1,1,1.68,0.72,720.52
Harare-Bulawayo,440,5,0,5t,4,0,2,1.68,0.72,737.8
Harare-Gweru,275,3,0,30t,2,1,5,1.68,0.72,477.12
Harare-Beitbridge,580,6,122,14t,2,0,2,1.68,0.72,1052.22
Bulawayo-Vic Falls,435,4,0,14t,5,0,2,1.68,0.72,858.77
Harare-Bulawayo,440,5,0,14t,4,1,5,1.68,0.72,491.85
Bulawayo-Vic Falls,435,4,0,30t,2,1,4,1.68,0.72,658.97
Bulawayo-Vic Falls,435,4,0,30t,3,0,4,1.68,0.72,960.4
Bulawayo-Vic Falls,435,4,0,14t,1,0,2,1.68,0.72,736.09
Harare-Gweru,275,3,0,5t,3,0,2,1.68,0.72,611.76
Bulawayo-Vic Falls,435,4,0,30t,3,0,4,1.68,0.72,960.4
Bulawayo-Vic Falls,435,4,0,14t,4,1,1,1.68,0.72,679.35
Harare-Beitbridge,580,6,122,5t,5,0,2,1.68,0.72,1030.29
Harare-Bulawayo,440,5,0,5t,3,0,1,1.68,0.72,781.09
Harare-Bulawayo,440,5,0,30t,3,0,4,1.68,0.72,994.82
Harare-Gweru,275,3,0,14t,3,0,4,1.68,0.72,535.78
Mutare-Harare,263,3,0,30t,1,1,4,1.68,0.72,470.68
Harare-Bulawayo,440,5,0,5t,3,0,1,1.68,0.72,781.09
Harare-Bulawayo,440,5,0,30t,1,0,5,1.68,0.72,853.11
Harare-Bulawayo,440,5,0,30t,3,0,4,1.68,0.72,994.82
Harare-Beitbridge,580,6,122,30t,4,0,2,1.68,0.72,1567.38
Harare-Bulawayo,440,5,0,14t,3,0,4,1.68,0.72,673.64
Mutare-Harare,263,3,0,14t,1,1,3,1.68,0.72,396.77
Bulawayo-Vic Falls,435,4,0,30t,1,1,1,1.68,0.72,816.93
Harare-Gweru,275,3,0,30t,5,0,3,1.68,0.72,867.31
Harare-Gweru,275,3,0,14t,2,0,4,1.68,0.72,515.17
Harare-Bulawayo,440,5,0,5t,1,0,2,1.68,0.72,655.82
Harare-Beitbridge,580,6,122,5t,1,0,1,1.68,0.72,948.29
Harare-Bulawayo,440,5,0,30t,5,0,4,1.68,0.72,1071.34
Bulawayo-Vic Falls,435,4,0,30t,2,0,2,1.68,0.72,1059.26
Harare-Beitbridge,580,6,122,30t,2,1,1,1.68,0.72,1181.88
Harare-Beitbridge,580,6,122,5t,2,0,4,1.68,0.72,784.1
Mutare-Harare,263,3,0,30t,2,0,4,1.68,0.72,692.25
Harare-Beitbridge,580,6,122,5t,1,1,4,1.68,0.72,546.79
Harare-Gweru,275,3,0,14t,4,0,1,1.68,0.72,776.38
Harare-Gweru,275,3,0,5t,5,0,4,1.68,0.72,506.72
Harare-Gweru,275,3,0,5t,5,0,1,1.68,0.72,734.87
Harare-Bulawayo,440,5,0,30t,3,0,2,1.68,0.72,1136.05
Harare-Gweru,275,3,0,14t,2,0,2,1.68,0.72,650.97
Bulawayo-Vic Falls,435,4,0,5t,1,1,3,1.68,0.72,444.92
Harare-Gweru,275,3,0,5t,1,0,3,1.68,0.72,499.52
Bulawayo-Vic Falls,435,4,0,30t,1,1,1,1.68,0.72,862.92
Harare-Beitbridge,580,6,122,14t,1,0,2,1.68,0.72,1010.13
Harare-Bulawayo,440,5,0,30t,5,0,3,1.68,0.72,1147.39
Harare-Beitbridge,580,6,122,5t,2,1,3,1.68,0.72,642.79
Harare-Gweru,275,3,0,5t,5,1,4,1.68,0.72,390.19
Harare-Gweru,275,3,0,30t,4,0,1,1.68,0.72,983.0
Bulawayo-Vic Falls,435,4,0,5t,2,0,2,1.68,0.72,667.52
Harare-Bulawayo,440,5,0,14t,4,1,4,1.68,0.72,496.08
Harare-Bulawayo,440,5,0,30t,5,0,1,1.68,0.72,1299.48
Bulawayo-Vic Falls,435,4,0,14t,1,0,5,1.68,0.72,540.54
Bulawayo-Vic Falls,435,4,0,14t,2,0,5,1.68,0.72,563.06
Harare-Bulawayo,440,5,0,5t,5,0,4,1.68,0.72,613.03
Bulawayo-Vic Falls,435,4,0,14t,4,1,3,1.68,0.72,587.84
Mutare-Harare,263,3,0,14t,4,0,5,1.68,0.72,474.77
Bulawayo-Vic Falls,435,4,0,30t,1,0,5,1.68,0.72,821.34
Mutare-Harare,263,3,0,30t,4,1,3,1.68,0.72,652.61
Mutare-Harare,263,3,0,5t,1,0,2,1.68,0.72,559.97
Harare-Gweru,275,3,0,30t,1,0,1,1.68,0.72,873.78
Mutare-Harare,263,3,0,30t,2,0,3,1.68,0.72,760.15
Mutare-Harare,263,3,0,30t,1,0,2,1.68,0.72,794.93
Bulawayo-Vic Falls,435,4,0,14t,4,0,5,1.68,0.72,608.1
Bulawayo-Vic Falls,435,4,0,30t,1,0,2,1.68,0.72,1016.89
Harare-Beitbridge,580,6,122,14t,2,0,3,1.68,0.72,984.32
Harare-Beitbridge,580,6,122,5t,3,0,3,1.68,0.72,886.08
Harare-Beitbridge,580,6,122,5t,4,0,3,1.68,0.72,920.16
Bulawayo-Vic Falls,435,4,0,14t,2,0,5,1.68,0.72,563.06
Harare-Beitbridge,580,6,122,14t,1,0,2,1.68,0.72,1010.13
Harare-Gweru,275,3,0,14t,2,0,5,1.68,0.72,447.27
Mutare-Harare,263,3,0,14t,1,0,1,1.68,0.72,682.76
Mutare-Harare,263,3,0,14t,5,0,3,1.68,0.72,644.45
Bulawayo-Vic Falls,435,4,0,30t,3,0,5,1.68,0.72,889.78
Mutare-Harare,263,3,0,30t,1,0,5,1.68,0.72,599.38
Harare-Beitbridge,580,6,122,5t,1,0,4,1.68,0.72,752.73
Harare-Gweru,275,3,0,14t,3,0,3,1.68,0.72,606.39
Mutare-Harare,263,3,0,5t,2,0,5,1.68,0.72,379.6
Bulawayo-Vic Falls,435,4,0,30t,5,1,2,1.68,0.72,939.24
Harare-Gweru,275,3,0,14t,5,0,4,1.68,0.72,576.99
Harare-Beitbridge,580,6,122,14t,1,0,2,1.68,0.72,1010.13
Harare-Beitbridge,580,6,122,30t,1,0,1,1.68,0.72,1458.41
Harare-Gweru,275,3,0,30t,4,0,4,1.68,0.72,763.0
Bulawayo-Vic Falls,435,4,0,14t,5,1,5,1.68,0.72,494.04
Mutare-Harare,263,3,0,30t,3,0,3,1.68,0.72,790.56
Harare-Beitbridge,580,6,122,5t,1,0,5,1.68,0.72,687.55
Mutare-Harare,263,3,0,5t,3,0,2,1.68,0.72,606.64
Harare-Beitbridge,580,6,122,5t,2,0,5,1.68,0.72,716.2
Bulawayo-Vic Falls,435,4,0,14t,2,0,5,1.68,0.72,563.06
Harare-Gweru,275,3,0,14t,2,0,1,1.68,0.72,718.87
Bulawayo-Vic Falls,435,4,0,14t,5,0,2,1.68,0.72,858.77
Bulawayo-Vic Falls,435,4,0,30t,2,0,5,1.68,0.72,855.56
Harare-Bulawayo,440,5,0,5t,2,0,4,1.68,0.72,547.35
Mutare-Harare,263,3,0,14t,3,0,1,1.68,0.72,739.65
Mutare-Harare,263,3,0,14t,2,0,1,1.68,0.72,711.21
Bulawayo-Vic Falls,435,4,0,5t,4,0,1,1.68,0.72,794.25
Harare-Beitbridge,580,6,122,5t,1,1,1,1.68,0.72,702.74
Bulawayo-Vic Falls,435,4,0,14t,2,1,3,1.68,0.72,536.85
Bulawayo-Vic Falls,435,4,0,14t,2,0,5,1.68,0.72,563.06
Mutare-Harare,263,3,0,5t,3,0,4,1.68,0.72,465.4
Harare-Bulawayo,440,5,0,5t,3,0,2,1.68,0.72,710.48
Harare-Beitbridge,580,6,122,30t,4,0,5,1.68,0.72,1347.38
Harare-Bulawayo,440,5,0,30t,1,0,5,1.68,0.72,853.11
Harare-Bulawayo,440,5,0,14t,2,0,1,1.68,0.72,851.43
Mutare-Harare,263,3,0,5t,5,0,4,1.68,0.72,501.2
Mutare-Harare,263,3,0,30t,5,0,2,1.68,0.72,927.42
Mutare-Harare,263,3,0,14t,4,0,5,1.68,0.72,474.77
Harare-Bulawayo,440,5,0,5t,5,0,2,1.68,0.72,765.13
Harare-Gweru,275,3,0,30t,3,0,5,1.68,0.72,664.13
Harare-Gweru,275,3,0,14t,4,1,5,1.68,0.72,368.79
Harare-Bulawayo,440,5,0,30t,5,1,1,1.68,0.72,936.38
Bulawayo-Vic Falls,435,4,0,5t,4,0,1,1.68,0.72,794.25
Harare-Gweru,275,3,0,14t,5,0,2,1.68,0.72,729.09
Harare-Beitbridge,580,6,122,14t,1,1,3,1.68,0.72,701.13
Harare-Beitbridge,580,6,122,30t,5,0,2,1.68,0.72,1625.43
Bulawayo-Vic Falls,435,4,0,5t,2,0,2,1.68,0.72,667.52
Mutare-Harare,263,3,0,14t,3,0,1,1.68,0.72,739.65
Mutare-Harare,263,3,0,14t,4,0,2,1.68,0.72,694.77
Harare-Beitbridge,580,6,122,14t,5,0,4,1.68,0.72,1026.39
Harare-Gweru,275,3,0,14t,5,0,5,1.68,0.72,500.94
Bulawayo-Vic Falls,435,4,0,5t,4,1,4,1.68,0.72,414.71
Harare-Beitbridge,580,6,122,30t,3,0,5,1.68,0.72,1297.48
Harare-Beitbridge,580,6,122,30t,5,0,1,1.68,0.72,1701.48
Harare-Gweru,275,3,0,30t,4,0,5,1.68,0.72,689.67
Mutare-Harare,263,3,0,14t,4,1,3,1.68,0.72,437.92
Harare-Gweru,275,3,0,14t,5,0,1,1.68,0.72,805.14
Bulawayo-Vic Falls,435,4,0,14t,4,0,5,1.68,0.72,608.1
Bulawayo-Vic Falls,435,4,0,14t,1,0,2,1.68,0.72,736.09
Harare-Beitbridge,580,6,122,5t,2,0,1,1.68,0.72,987.8
Mutare-Harare,263,3,0,5t,3,1,3,1.68,0.72,389.03
Mutare-Harare,263,3,0,14t,5,0,5,1.68,0.72,492.36
Harare-Beitbridge,580,6,122,14t,4,1,4,1.68,0.72,788.25
Mutare-Harare,263,3,0,14t,2,0,2,1.68,0.72,643.31
Mutare-Harare,263,3,0,14t,3,0,5,1.68,0.72,457.19
Mutare-Harare,263,3,0,14t,2,1,2,1.68,0.72,465.35
Bulawayo-Vic Falls,435,4,0,14t,3,0,4,1.68,0.72,656.2
Mutare-Harare,263,3,0,5t,2,1,4,1.68,0.72,324.71
Bulawayo-Vic Falls,435,4,0,14t,3,0,4,1.68,0.72,656.2
Bulawayo-Vic Falls,435,4,0,5t,3,0,1,1.68,0.72,764.83
Mutare-Harare,263,3,0,5t,1,0,4,1.68,0.72,429.6
Harare-Bulawayo,440,5,0,30t,4,1,3,1.68,0.72,883.28
Harare-Beitbridge,580,6,122,5t,2,0,4,1.68,0.72,784.1
Mutare-Harare,263,3,0,5t,4,0,5,1.68,0.72,409.97
Harare-Gweru,275,3,0,30t,1,1,3,1.68,0.72,553.62
Mutare-Harare,263,3,0,14t,5,1,3,1.68,0.72,451.28
Harare-Bulawayo,440,5,0,5t,3,1,1,1.68,0.72,584.69
Harare-Gweru,275,3,0,30t,4,0,4,1.68,0.72,763.0
Harare-Gweru,275,3,0,5t,1,0,5,1.68,0.72,369.15
Bulawayo-Vic Falls,435,4,0,5t,5,0,1,1.68,0.72,823.67
Harare-Bulawayo,440,5,0,14t,3,0,5,1.68,0.72,603.03
Bulawayo-Vic Falls,435,4,0,14t,1,1,1,1.68,0.72,624.13
Bulawayo-Vic Falls,435,4,0,30t,1,0,3,1.68,0.72,951.71
Mutare-Harare,263,3,0,5t,5,0,1,1.68,0.72,729.35
Bulawayo-Vic Falls,435,4,0,30t,3,0,5,1.68,0.72,889.78
Mutare-Harare,263,3,0,5t,5,0,1,1.68,0.72,729.35
Harare-Gweru,275,3,0,5t,5,0,1,1.68,0.72,734.87
Harare-Beitbridge,580,6,122,14t,3,1,1,1.68,0.72,887.94
Harare-Gweru,275,3,0,30t,5,0,5,1.68,0.72,715.22
Harare-Beitbridge,580,6,122,30t,3,0,1,1.68,0.72,1579.95
Harare-Gweru,275,3,0,30t,2,0,5,1.68,0.72,638.59
Harare-Bulawayo,440,5,0,14t,1,0,4,1.68,0.72,621.82
Bulawayo-Vic Falls,435,4,0,30t,5,0,4,1.68,0.72,1034.28
Harare-Bulawayo,440,5,0,5t,4,0,5,1.68,0.72,517.81
Harare-Bulawayo,440,5,0,14t,5,1,2,1.68,0.72,639.08
Mutare-Harare,263,3,0,30t,3,0,1,1.68,0.72,931.79
Harare-Bulawayo,440,5,0,14t,4,0,4,1.68,0.72,699.55
Harare-Bulawayo,440,5,0,14t,3,0,4,1.68,0.72,673.64
Harare-Bulawayo,440,5,0,30t,1,0,5,1.68,0.72,853.11
Harare-Gweru,275,3,0,30t,2,1,2,1.68,0.72,645.09
Harare-Beitbridge,580,6,122,14t,3,0,5,1.68,0.72,882.46
Harare-Gweru,275,3,0,30t,3,0,5,1.68,0.72,664.13
Harare-Gweru,275,3,0,14t,2,0,3,1.68,0.72,583.07
Mutare-Harare,263,3,0,14t,5,0,5,1.68,0.72,492.36
Harare-Beitbridge,580,6,122,14t,3,1,2,1.68,0.72,825.87
Harare-Beitbridge,580,6,122,30t,5,0,3,1.68,0.72,1549.38
Mutare-Harare,263,3,0,5t,1,0,2,1.68,0.72,559.97
Mutare-Harare,263,3,0,14t,3,0,1,1.68,0.72,739.65
Harare-Gweru,275,3,0,5t,4,0,1,1.68,0.72,708.62
Bulawayo-Vic Falls,435,4,0,30t,5,0,2,1.68,0.72,1186.37
Harare-Bulawayo,440,5,0,14t,5,1,5,1.68,0.72,494.36
Bulawayo-Vic Falls,435,4,0,14t,2,0,3,1.68,0.72,698.86
Harare-Bulawayo,440,5,0,5t,2,1,2,1.68,0.72,492.66
Mutare-Harare,263,3,0,5t,3,0,3,1.68,0.72,536.02
Harare-Gweru,275,3,0,14t,1,0,5,1.68,0.72,429.38
Bulawayo-Vic Falls,435,4,0,5t,4,0,1,1.68,0.72,794.25
Mutare-Harare,263,3,0,5t,1,0,2,1.68,0.72,559.97
Harare-Beitbridge,580,6,122,14t,2,0,2,1.68,0.72,1052.22
Bulawayo-Vic Falls,435,4,0,5t,4,0,2,1.68,0.72,720.92
Harare-Gweru,275,3,0,30t,1,1,3,1.68,0.72,557.19
Harare-Bulawayo,440,5,0,14t,1,0,5,1.68,0.72,556.64
Harare-Gweru,275,3,0,30t,3,0,4,1.68,0.72,734.75
Harare-Bulawayo,440,5,0,30t,2,0,5,1.68,0.72,888.65
Bulawayo-Vic Falls,435,4,0,5t,2,1,2,1.68,0.72,502.64
Harare-Gweru,275,3,0,5t,4,0,5,1.68,0.72,415.29
Harare-Beitbridge,580,6,122,30t,2,0,2,1.68,0.72,1451.28
Harare-Gweru,275,3,0,5t,1,0,3,1.68,0.72,499.52
Mutare-Harare,263,3,0,30t,2,0,4,1.68,0.72,692.25
Harare-Gweru,275,3,0,14t,2,1,3,1.68,0.72,409.94
Bulawayo-Vic Falls,435,4,0,5t,1,0,1,1.68,0.72,706.0
Mutare-Harare,263,3,0,5t,2,0,4,1.68,0.72,447.5
Harare-Bulawayo,440,5,0,14t,5,0,2,1.68,0.72,877.56
Harare-Beitbridge,580,6,122,30t,4,1,4,1.68,0.72,1062.68
Mutare-Harare,263,3,0,5t,2,0,3,1.68,0.72,515.4
Mutare-Harare,263,3,0,14t,5,0,2,1.68,0.72,720.5
Mutare-Harare,263,3,0,30t,4,0,2,1.68,0.72,894.29
Harare-Beitbridge,580,6,122,14t,3,1,3,1.68,0.72,716.99
Bulawayo-Vic Falls,435,4,0,5t,4,0,2,1.68,0.72,720.92
Mutare-Harare,263,3,0,30t,1,0,2,1.68,0.72,794.93
Harare-Gweru,275,3,0,14t,2,0,2,1.68,0.72,650.97
Bulawayo-Vic Falls,435,4,0,5t,5,0,4,1.68,0.72,595.52
Bulawayo-Vic Falls,435,4,0,5t,4,0,4,1.68,0.72,574.25
Mutare-Harare,263,3,0,30t,1,0,3,1.68,0.72,729.74
Harare-Gweru,275,3,0,14t,2,0,2,1.68,0.72,650.97
Harare-Bulawayo,440,5,0,30t,2,0,2,1.68,0.72,1092.35
Harare-Beitbridge,580,6,122,5t,5,0,5,1.68,0.72,802.14
Harare-Gweru,275,3,0,14t,2,0,4,1.68,0.72,515.17
Mutare-Harare,263,3,0,5t,3,0,4,1.68,0.72,465.4
Harare-Gweru,275,3,0,30t,4,0,3,1.68,0.72,836.34
Harare-Bulawayo,440,5,0,14t,5,1,4,1.68,0.72,551.99
Bulawayo-Vic Falls,435,4,0,30t,3,0,3,1.68,0.72,1031.02
Harare-Bulawayo,440,5,0,5t,5,0,2,1.68,0.72,765.13
Harare-Gweru,275,3,0,30t,5,0,4,1.68,0.72,791.26
Harare-Gweru,275,3,0,30t,2,0,1,1.68,0.72,910.19
Bulawayo-Vic Falls,435,4,0,30t,5,0,3,1.68,0.72,1110.33
Harare-Bulawayo,440,5,0,14t,1,1,5,1.68,0.72,398.52
Harare-Gweru,275,3,0,14t,5,0,2,1.68,0.72,729.09
Mutare-Harare,263,3,0,30t,4,0,5,1.68,0.72,674.3
Bulawayo-Vic Falls,435,4,0,5t,5,0,3,1.68,0.72,671.57
Harare-Bulawayo,440,5,0,5t,5,1,1,1.68,0.72,604.36
Harare-Bulawayo,440,5,0,14t,2,0,3,1.68,0.72,715.63
Harare-Beitbridge,580,6,122,30t,2,0,4,1.68,0.72,1315.48
Harare-Bulawayo,440,5,0,14t,2,0,3,1.68,0.72,715.63
Mutare-Harare,263,3,0,30t,2,0,5,1.68,0.72,624.35
Harare-Bulawayo,440,5,0,14t,5,0,5,1.68,0.72,649.41
Bulawayo-Vic Falls,435,4,0,30t,2,0,5,1.68,0.72,855.56
Mutare-Harare,263,3,0,5t,2,0,1,1.68,0.72,651.2
Mutare-Harare,263,3,0,5t,3,0,1,1.68,0.72,677.25
Harare-Bulawayo,440,5,0,5t,2,0,3,1.68,0.72,615.25
Bulawayo-Vic Falls,435,4,0,30t,5,0,1,1.68,0.72,1262.42
Harare-Beitbridge,580,6,122,14t,4,0,4,1.68,0.72,989.74
Harare-Gweru,275,3,0,14t,2,0,4,1.68,0.72,515.17
Harare-Beitbridge,580,6,122,14t,1,0,4,1.68,0.72,879.76
Harare-Gweru,275,3,0,14t,4,0,1,1.68,0.72,776.38
Harare-Gweru,275,3,0,14t,5,1,3,1.68,0.72,460.08
Mutare-Harare,263,3,0,14t,5,0,4,1.68,0.72,568.41
Harare-Bulawayo,440,5,0,5t,5,0,2,1.68,0.72,765.13
Mutare-Harare,263,3,0,5t,3,0,3,1.68,0.72,536.02
Bulawayo-Vic Falls,435,4,0,30t,4,1,3,1.68,0.72,803.54
Harare-Gweru,275,3,0,30t,2,0,5,1.68,0.72,638.59
Mutare-Harare,263,3,0,14t,3,0,5,1.68,0.72,457.19
Mutare-Harare,263,3,0,14t,3,0,5,1.68,0.72,457.19
Harare-Bulawayo,440,5,0,5t,2,0,4,1.68,0.72,547.35
Harare-Gweru,275,3,0,30t,5,0,5,1.68,0.72,715.22
Harare-Bulawayo,440,5,0,14t,5,0,2,1.68,0.72,877.56
Harare-Beitbridge,580,6,122,5t,3,0,4,1.68,0.72,815.46
Harare-Gweru,275,3,0,5t,3,0,2,1.68,0.72,611.76
Harare-Gweru,275,3,0,30t,4,0,2,1.68,0.72,909.67
Harare-Beitbridge,580,6,122,5t,1,0,3,1.68,0.72,817.92
Harare-Bulawayo,440,5,0,14t,3,0,3,1.68,0.72,744.26
Bulawayo-Vic Falls,435,4,0,30t,3,0,3,1.68,0.72,1031.02
Bulawayo-Vic Falls,435,4,0,30t,3,0,3,1.68,0.72,1031.02
Harare-Gweru,275,3,0,5t,5,1,2,1.68,0.72,512.38
Bulawayo-Vic Falls,435,4,0,5t,3,1,5,1.68,0.72,372.81
Harare-Bulawayo,440,5,0,5t,5,0,4,1.68,0.72,613.03
Harare-Bulawayo,440,5,0,5t,4,0,2,1.68,0.72,737.8
Harare-Beitbridge,580,6,122,14t,3,0,1,1.68,0.72,1164.93
Bulawayo-Vic Falls,435,4,0,30t,5,1,5,1.68,0.72,732.06
Harare-Gweru,275,3,0,5t,4,0,4,1.68,0.72,488.63
Mutare-Harare,263,3,0,5t,4,0,5,1.68,0.72,409.97
Harare-Beitbridge,580,6,122,5t,5,0,5,1.68,0.72,802.14
Mutare-Harare,263,3,0,30t,1,0,2,1.68,0.72,794.93
Harare-Gweru,275,3,0,14t,4,1,1,1.68,0.72,564.88
Bulawayo-Vic Falls,435,4,0,30t,3,1,2,1.68,0.72,811.74
Mutare-Harare,263,3,0,30t,4,0,1,1.68,0.72,967.63
Harare-Bulawayo,440,5,0,14t,2,0,2,1.68,0.72,783.53
Harare-Bulawayo,440,5,0,30t,5,1,3,1.68,0.72,882.0
Bulawayo-Vic Falls,435,4,0,14t,5,0,1,1.68,0.72,934.82
Harare-Bulawayo,440,5,0,5t,4,0,2,1.68,0.72,737.8
Bulawayo-Vic Falls,435,4,0,14t,5,0,3,1.68,0.72,782.72
Harare-Gweru,275,3,0,30t,5,0,3,1.68,0.72,867.31
Harare-Gweru,275,3,0,5t,2,0,4,1.68,0.72,452.43
Harare-Beitbridge,580,6,122,5t,4,0,1,1.68,0.72,1066.82
Bulawayo-Vic Falls,435,4,0,30t,2,1,4,1.68,0.72,648.74
Bulawayo-Vic Falls,435,4,0,14t,3,0,2,1.68,0.72,797.43
Harare-Gweru,275,3,0,30t,3,0,1,1.68,0.72,946.59
Harare-Beitbridge,580,6,122,30t,2,0,5,1.68,0.72,1247.58
Bulawayo-Vic Falls,435,4,0,5t,5,0,2,1.68,0.72,747.62
Harare-Gweru,275,3,0,14t,2,0,1,1.68,0.72,718.87
Harare-Gweru,275,3,0,30t,4,1,2,1.68,0.72,647.72
Harare-Gweru,275,3,0,30t,5,0,1,1.68,0.72,1019.41
Harare-Bulawayo,440,5,0,30t,1,0,2,1.68,0.72,1048.66
Harare-Beitbridge,580,6,122,14t,1,1,3,1.68,0.72,686.82
Harare-Gweru,275,3,0,30t,1,0,2,1.68,0.72,808.59
Mutare-Harare,263,3,0,5t,5,0,5,1.68,0.72,425.16
Mutare-Harare,263,3,0,14t,4,0,4,1.68,0.72,548.11
Harare-Beitbridge,580,6,122,30t,2,1,5,1.68,0.72,957.75
Bulawayo-Vic Falls,435,4,0,14t,3,0,1,1.68,0.72,868.05
Harare-Beitbridge,580,6,122,14t,2,0,2,1.68,0.72,1052.22
Mutare-Harare,263,3,0,5t,5,0,3,1.68,0.72,577.25
Harare-Bulawayo,440,5,0,30t,1,0,3,1.68,0.72,983.48
Harare-Bulawayo,440,5,0,30t,2,0,5,1.68,0.72,888.65
Bulawayo-Vic Falls,435,4,0,5t,4,1,3,1.68,0.72,516.86
Bulawayo-Vic Falls,435,4,0,14t,4,0,1,1.68,0.72,901.43
Harare-Bulawayo,440,5,0,30t,4,0,1,1.68,0.72,1253.07
Harare-Beitbridge,580,6,122,5t,1,0,5,1.68,0.72,687.55
Mutare-Harare,263,3,0,30t,2,0,4,1.68,0.72,692.25
Harare-Beitbridge,580,6,122,14t,1,0,3,1.68,0.72,944.95
Harare-Beitbridge,580,6,122,30t,2,1,1,1.68,0.72,1159.29
Bulawayo-Vic Falls,435,4,0,5t,3,0,4,1.68,0.72,552.99
Harare-Gweru,275,3,0,30t,2,1,2,1.68,0.72,655.47
Harare-Beitbridge,580,6,122,30t,3,0,2,1.68,0.72,1509.33
Harare-Bulawayo,440,5,0,14t,1,0,4,1.68,0.72,621.82
Harare-Beitbridge,580,6,122,14t,3,0,1,1.68,0.72,1164.93
Bulawayo-Vic Falls,435,4,0,30t,1,0,4,1.68,0.72,886.52
Mutare-Harare,263,3,0,30t,3,1,3,1.68,0.72,622.84
Mutare-Harare,263,3,0,30t,3,1,4,1.68,0.72,536.94
Bulawayo-Vic Falls,435,4,0,14t,3,0,5,1.68,0.72,585.58
Harare-Gweru,275,3,0,5t,1,1,1,1.68,0.72,481.82
Harare-Beitbridge,580,6,122,14t,3,0,4,1.68,0.72,953.08
Bulawayo-Vic Falls,435,4,0,30t,5,0,2,1.68,0.72,1186.37
Bulawayo-Vic Falls,435,4,0,30t,2,0,4,1.68,0.72,923.46
Harare-Beitbridge,580,6,122,5t,4,0,1,1.68,0.72,1066.82
Mutare-Harare,263,3,0,5t,2,0,5,1.68,0.72,379.6
Bulawayo-Vic Falls,435,4,0,30t,1,0,4,1.68,0.72,886.52
Harare-Beitbridge,580,6,122,14t,4,1,5,1.68,0.72,656.99
Harare-Gweru,275,3,0,30t,1,1,3,1.68,0.72,585.33
Bulawayo-Vic Falls,435,4,0,5t,1,0,2,1.68,0.72,640.82
Mutare-Harare,263,3,0,30t,1,1,2,1.68,0.72,615.3
Bulawayo-Vic Falls,435,4,0,30t,3,0,4,1.68,0.72,960.4
Bulawayo-Vic Falls,435,4,0,30t,3,0,4,1.68,0.72,960.4
Harare-Gweru,275,3,0,14t,4,0,4,1.68,0.72,556.38
Harare-Bulawayo,440,5,0,30t,4,0,5,1.68,0.72,959.75
Harare-Gweru,275,3,0,30t,3,0,2,1.68,0.72,875.98
Bulawayo-Vic Falls,435,4,0,5t,4,0,5,1.68,0.72,500.92
Bulawayo-Vic Falls,435,4,0,30t,1,0,3,1.68,0.72,951.71
Bulawayo-Vic Falls,435,4,0,30t,2,0,3,1.68,0.72,991.36
Mutare-Harare,263,3,0,14t,5,0,5,1.68,0.72,492.36
Harare-Bulawayo,440,5,0,30t,2,0,4,1.68,0.72,956.55
Mutare-Harare,263,3,0,5t,1,0,2,1.68,0.72,559.97
Harare-Beitbridge,580,6,122,14t,5,0,1,1.68,0.72,1254.54
Bulawayo-Vic Falls,435,4,0,14t,1,0,3,1.68,0.72,670.91
Harare-Beitbridge,580,6,122,14t,3,0,4,1.68,0.72,953.08
Harare-Gweru,275,3,0,5t,2,0,2,1.68,0.72,588.23
Mutare-Harare,263,3,0,30t,2,0,5,1.68,0.72,624.35
Harare-Gweru,275,3,0,14t,4,0,1,1.68,0.72,776.38
Harare-Gweru,275,3,0,30t,1,0,2,1.68,0.72,808.59
Harare-Bulawayo,440,5,0,30t,1,1,4,1.68,0.72,682.42
Bulawayo-Vic Falls,435,4,0,5t,5,0,5,1.68,0.72,519.47
Harare-Bulawayo,440,5,0,5t,5,0,3,1.68,0.72,689.08
Bulawayo-Vic Falls,435,4,0,14t,5,0,5,1.68,0.72,630.63
Harare-Gweru,275,3,0,5t,2,0,3,1.68,0.72,520.33
Harare-Beitbridge,580,6,122,14t,2,0,5,1.68,0.72,848.52
Bulawayo-Vic Falls,435,4,0,5t,4,0,4,1.68,0.72,574.25
Bulawayo-Vic Falls,435,4,0,30t,4,0,2,1.68,0.72,1144.0
Mutare-Harare,263,3,0,14t,2,1,4,1.68,0.72,385.63
Harare-Gweru,275,3,0,14t,2,0,2,1.68,0.72,650.97
Mutare-Harare,263,3,0,5t,2,1,5,1.68,0.72,277.96
Bulawayo-Vic Falls,435,4,0,14t,3,1,4,1.68,0.72,477.7
Harare-Gweru,275,3,0,30t,4,0,1,1.68,0.72,983.0
Harare-Gweru,275,3,0,14t,2,0,5,1.68,0.72,447.27
Harare-Gweru,275,3,0,5t,4,0,3,1.68,0.72,561.96
Harare-Bulawayo,440,5,0,5t,4,1,1,1.68,0.72,636.58
Harare-Beitbridge,580,6,122,5t,4,0,5,1.68,0.72,773.49
Harare-Gweru,275,3,0,14t,1,0,3,1.68,0.72,559.75
Harare-Gweru,275,3,0,5t,3,0,1,1.68,0.72,682.38
Harare-Beitbridge,580,6,122,30t,2,0,4,1.68,0.72,1315.48
Bulawayo-Vic Falls,435,4,0,5t,5,0,5,1.68,0.72,519.47
Mutare-Harare,263,3,0,14t,4,1,5,1.68,0.72,346.01
Bulawayo-Vic Falls,435,4,0,5t,4,0,2,1.68,0.72,720.92
Harare-Bulawayo,440,5,0,5t,1,0,4,1.68,0.72,525.46
Harare-Gweru,275,3,0,14t,1,1,4,1.68,0.72,349.85
Harare-Beitbridge,580,6,122,5t,2,0,5,1.68,0.72,716.2
Bulawayo-Vic Falls,435,4,0,30t,4,0,4,1.68,0.72,997.34
Harare-Gweru,275,3,0,5t,2,1,2,1.68,0.72,452.55
Harare-Gweru,275,3,0,30t,5,1,2,1.68,0.72,752.6
Harare-Bulawayo,440,5,0,5t,1,1,1,1.68,0.72,526.25
Bulawayo-Vic Falls,435,4,0,5t,3,0,2,1.68,0.72,694.22
Mutare-Harare,263,3,0,14t,3,0,2,1.68,0.72,669.04
Mutare-Harare,263,3,0,14t,2,1,4,1.68,0.72,362.51
Bulawayo-Vic Falls,435,4,0,14t,3,0,5,1.68,0.72,585.58
Harare-Bulawayo,440,5,0,5t,1,1,3,1.68,0.72,450.06
Harare-Beitbridge,580,6,122,30t,2,0,4,1.68,0.72,1315.48
Harare-Gweru,275,3,0,14t,3,0,4,1.68,0.72,535.78
Harare-Beitbridge,580,6,122,30t,2,0,2,1.68,0.72,1451.28
Bulawayo-Vic Falls,435,4,0,30t,1,0,4,1.68,0.72,886.52
Bulawayo-Vic Falls,435,4,0,14t,5,0,1,1.68,0.72,934.82
Harare-Bulawayo,440,5,0,30t,1,0,4,1.68,0.72,918.29
Bulawayo-Vic Falls,435,4,0,14t,5,0,1,1.68,0.72,934.82
Harare-Beitbridge,580,6,122,5t,3,0,1,1.68,0.72,1027.31
Mutare-Harare,263,3,0,5t,1,0,1,1.68,0.72,625.16
Mutare-Harare,263,3,0,5t,3,1,2,1.68,0.72,469.72
Harare-Gweru,275,3,0,14t,2,1,2,1.68,0.72,463.81
Harare-Beitbridge,580,6,122,5t,4,0,2,1.68,0.72,993.49
Harare-Beitbridge,580,6,122,30t,2,0,5,1.68,0.72,1247.58
Bulawayo-Vic Falls,435,4,0,14t,2,0,2,1.68,0.72,766.76
Harare-Beitbridge,580,6,122,5t,4,0,5,1.68,0.72,773.49
Harare-Gweru,275,3,0,30t,1,1,2,1.68,0.72,592.67
Harare-Bulawayo,440,5,0,30t,1,0,4,1.68,0.72,918.29
Harare-Gweru,275,3,0,30t,1,1,4,1.68,0.72,537.67
Harare-Gweru,275,3,0,5t,4,0,1,1.68,0.72,708.62
Mutare-Harare,263,3,0,14t,2,0,4,1.68,0.72,507.51
Mutare-Harare,263,3,0,5t,4,0,2,1.68,0.72,629.97
Bulawayo-Vic Falls,435,4,0,30t,2,0,3,1.68,0.72,991.36
Mutare-Harare,263,3,0,14t,5,1,4,1.68,0.72,442.34
Harare-Bulawayo,440,5,0,14t,2,1,1,1.68,0.72,619.79
Harare-Beitbridge,580,6,122,14t,5,0,4,1.68,0.72,1026.39
Mutare-Harare,263,3,0,5t,4,1,3,1.68,0.72,392.61
Harare-Beitbridge,580,6,122,30t,2,0,3,1.68,0.72,1383.38
Harare-Beitbridge,580,6,122,14t,3,1,2,1.68,0.72,796.85
Harare-Beitbridge,580,6,122,5t,1,1,1,1.68,0.72,667.8
Bulawayo-Vic Falls,435,4,0,5t,1,0,2,1.68,0.72,640.82
Harare-Bulawayo,440,5,0,5t,4,0,1,1.68,0.72,811.13
Mutare-Harare,263,3,0,5t,4,0,5,1.68,0.72,409.97
Harare-Bulawayo,440,5,0,14t,5,0,3,1.68,0.72,801.51
Harare-Gweru,275,3,0,5t,1,1,5,1.68,0.72,294.82
Harare-Bulawayo,440,5,0,14t,4,0,2,1.68,0.72,846.22
Bulawayo-Vic Falls,435,4,0,5t,5,0,5,1.68,0.72,519.47
Mutare-Harare,263,3,0,5t,5,0,5,1.68,0.72,425.16
Mutare-Harare,263,3,0,14t,5,0,1,1.68,0.72,796.55
Harare-Bulawayo,440,5,0,5t,1,0,1,1.68,0.72,721.01
Mutare-Harare,263,3,0,30t,2,0,5,1.68,0.72,624.35
Harare-Beitbridge,580,6,122,30t,5,0,1,1.68,0.72,1701.48
Harare-Gweru,275,3,0,14t,3,0,1,1.68,0.72,747.63
Harare-Bulawayo,440,5,0,5t,3,0,2,1.68,0.72,710.48
Bulawayo-Vic Falls,435,4,0,5t,3,0,4,1.68,0.72,552.99
Mutare-Harare,263,3,0,5t,2,0,2,1.68,0.72,583.3
Harare-Bulawayo,440,5,0,30t,1,0,2,1.68,0.72,1048.66
Harare-Beitbridge,580,6,122,5t,2,0,4,1.68,0.72,784.1
Harare-Bulawayo,440,5,0,14t,4,1,1,1.68,0.72,717.39
Harare-Gweru,275,3,0,14t,4,0,3,1.68,0.72,629.72
Harare-Bulawayo,440,5,0,5t,3,1,3,1.68,0.72,477.38
Harare-Gweru,275,3,0,14t,4,0,5,1.68,0.72,483.05
Harare-Gweru,275,3,0,30t,5,0,1,1.68,0.72,1019.41
Harare-Bulawayo,440,5,0,30t,1,0,3,1.68,0.72,983.48
Harare-Beitbridge,580,6,122,30t,1,0,3,1.68,0.72,1328.04
Harare-Beitbridge,580,6,122,14t,3,1,1,1.68,0.72,832.43
Harare-Beitbridge,580,6,122,14t,3,0,1,1.68,0.72,1164.93
Harare-Gweru,275,3,0,30t,2,0,4,1.68,0.72,706.49
Harare-Beitbridge,580,6,122,14t,2,0,5,1.68,0.72,848.52
Harare-Gweru,275,3,0,14t,4,0,3,1.68,0.72,629.72
Harare-Gweru,275,3,0,14t,3,1,1,1.68,0.72,554.37
Harare-Beitbridge,580,6,122,5t,3,0,1,1.68,0.72,1027.31
Harare-Bulawayo,440,5,0,30t,4,1,3,1.68,0.72,870.07
Harare-Bulawayo,440,5,0,30t,5,1,4,1.68,0.72,847.65
Harare-Bulawayo,440,5,0,30t,5,0,2,1.68,0.72,1223.44
Harare-Bulawayo,440,5,0,5t,4,0,3,1.68,0.72,664.47
Harare-Gweru,275,3,0,30t,1,0,5,1.68,0.72,613.04
Mutare-Harare,263,3,0,30t,1,1,5,1.68,0.72,433.35
Harare-Beitbridge,580,6,122,5t,2,0,4,1.68,0.72,784.1
Harare-Beitbridge,580,6,122,14t,1,1,3,1.68,0.72,672.05
Harare-Bulawayo,440,5,0,30t,5,0,4,1.68,0.72,1071.34
Harare-Gweru,275,3,0,14t,4,1,1,1.68,0.72,585.56
Mutare-Harare,263,3,0,14t,4,1,1,1.68,0.72,572.22
Harare-Bulawayo,440,5,0,14t,4,0,1,1.68,0.72,919.55
Mutare-Harare,263,3,0,5t,4,0,5,1.68,0.72,409.97
Harare-Gweru,275,3,0,30t,5,0,5,1.68,0.72,715.22
Harare-Gweru,275,3,0,14t,5,1,3,1.68,0.72,512.75
Mutare-Harare,263,3,0,14t,5,0,4,1.68,0.72,568.41
Harare-Beitbridge,580,6,122,14t,4,0,5,1.68,0.72,916.4
Harare-Bulawayo,440,5,0,5t,1,0,1,1.68,0.72,721.01
Mutare-Harare,263,3,0,5t,1,0,1,1.68,0.72,625.16
Harare-Gweru,275,3,0,5t,1,0,1,1.68,0.72,629.89
Harare-Bulawayo,440,5,0,5t,1,0,3,1.68,0.72,590.64
Mutare-Harare,263,3,0,14t,1,1,4,1.68,0.72,387.36
Mutare-Harare,263,3,0,14t,2,0,3,1.68,0.72,575.41
Mutare-Harare,263,3,0,5t,1,0,4,1.68,0.72,429.6
Harare-Bulawayo,440,5,0,5t,3,1,1,1.68,0.72,616.71
Harare-Gweru,275,3,0,5t,5,0,2,1.68,0.72,658.82
Bulawayo-Vic Falls,435,4,0,5t,1,0,5,1.68,0.72,445.26
Harare-Gweru,275,3,0,14t,1,0,5,1.68,0.72,429.38
Harare-Gweru,275,3,0,5t,4,1,2,1.68,0.72,481.4
Harare-Gweru,275,3,0,5t,4,0,5,1.68,0.72,415.29
Bulawayo-Vic Falls,435,4,0,5t,5,0,4,1.68,0.72,595.52
Harare-Beitbridge,580,6,122,14t,1,0,1,1.68,0.72,1075.32
Mutare-Harare,263,3,0,30t,2,1,1,1.68,0.72,631.51
Mutare-Harare,263,3,0,14t,5,0,1,1.68,0.72,796.55
Harare-Gweru,275,3,0,30t,1,1,3,1.68,0.72,580.33
Harare-Bulawayo,440,5,0,14t,5,0,3,1.68,0.72,801.51
Harare-Beitbridge,580,6,122,5t,3,0,3,1.68,0.72,886.08
Bulawayo-Vic Falls,435,4,0,14t,4,1,1,1.68,0.72,668.44
Harare-Gweru,275,3,0,30t,1,1,5,1.68,0.72,433.21
Harare-Bulawayo,440,5,0,5t,2,0,3,1.68,0.72,615.25
Harare-Beitbridge,580,6,122,5t,3,0,3,1.68,0.72,886.08
Bulawayo-Vic Falls,435,4,0,30t,2,0,1,1.68,0.72,1127.16
Mutare-Harare,263,3,0,14t,2,0,4,1.68,0.72,507.51
Harare-Gweru,275,3,0,14t,5,0,4,1.68,0.72,576.99
Bulawayo-Vic Falls,435,4,0,14t,4,0,5,1.68,0.72,608.1
Harare-Bulawayo,440,5,0,5t,5,0,2,1.68,0.72,765.13
Mutare-Harare,263,3,0,5t,4,1,5,1.68,0.72,322.54
Bulawayo-Vic Falls,435,4,0,30t,2,0,1,1.68,0.72,1127.16
Harare-Beitbridge,580,6,122,14t,1,0,3,1.68,0.72,944.95
Mutare-Harare,263,3,0,5t,3,1,5,1.68,0.72,302.99
Harare-Bulawayo,440,5,0,14t,1,0,2,1.68,0.72,752.19
Mutare-Harare,263,3,0,14t,2,0,2,1.68,0.72,643.31
Harare-Bulawayo,440,5,0,5t,2,0,4,1.68,0.72,547.35
Harare-Bulawayo,440,5,0,30t,3,0,3,1.68,0.72,1065.43
Harare-Bulawayo,440,5,0,14t,1,0,5,1.68,0.72,556.64
Mutare-Harare,263,3,0,14t,5,1,1,1.68,0.72,580.25
Harare-Gweru,275,3,0,30t,1,0,3,1.68,0.72,743.41
Mutare-Harare,263,3,0,14t,3,0,3,1.68,0.72,598.42
Harare-Gweru,275,3,0,30t,2,1,3,1.68,0.72,599.04
Harare-Bulawayo,440,5,0,30t,2,0,1,1.68,0.72,1160.25
Harare-Beitbridge,580,6,122,30t,5,0,1,1.68,0.72,1701.48
Harare-Gweru,275,3,0,14t,3,0,5,1.68,0.72,465.16
Harare-Bulawayo,440,5,0,30t,3,0,5,1.68,0.72,924.2
Harare-Bulawayo,440,5,0,30t,2,0,4,1.68,0.72,956.55
Mutare-Harare,263,3,0,5t,5,0,4,1.68,0.72,501.2
Bulawayo-Vic Falls,435,4,0,5t,3,0,4,1.68,0.72,552.99
Harare-Beitbridge,580,6,122,14t,4,0,1,1.68,0.72,1209.73
Bulawayo-Vic Falls,435,4,0,5t,3,0,1,1.68,0.72,764.83
Bulawayo-Vic Falls,435,4,0,30t,1,1,3,1.68,0.72,726.41
Bulawayo-Vic Falls,435,4,0,30t,2,0,5,1.68,0.72,855.56
Harare-Beitbridge,580,6,122,14t,1,1,2,1.68,0.72,788.37
Bulawayo-Vic Falls,435,4,0,5t,2,0,3,1.68,0.72,599.62
Mutare-Harare,263,3,0,5t,1,0,4,1.68,0.72,429.6
Mutare-Harare,263,3,0,14t,2,0,4,1.68,0.72,507.51
Mutare-Harare,263,3,0,5t,2,0,2,1.68,0.72,583.3
Bulawayo-Vic Falls,435,4,0,5t,1,1,2,1.68,0.72,451.9
Bulawayo-Vic Falls,435,4,0,5t,3,0,2,1.68,0.72,694.22
Mutare-Harare,263,3,0,30t,5,0,3,1.68,0.72,851.37
Harare-Beitbridge,580,6,122,30t,1,0,4,1.68,0.72,1262.86
Mutare-Harare,263,3,0,14t,1,0,5,1.68,0.72,422.02
Harare-Bulawayo,440,5,0,5t,3,0,1,1.68,0.72,781.09
Bulawayo-Vic Falls,435,4,0,5t,3,1,1,1.68,0.72,567.21
Harare-Bulawayo,440,5,0,5t,3,0,1,1.68,0.72,781.09
Mutare-Harare,263,3,0,14t,3,0,5,1.68,0.72,457.19
Mutare-Harare,263,3,0,14t,5,0,2,1.68,0.72,720.5
Bulawayo-Vic Falls,435,4,0,14t,4,0,3,1.68,0.72,754.77
Harare-Gweru,275,3,0,30t,1,0,2,1.68,0.72,808.59
Harare-Beitbridge,580,6,122,30t,5,0,5,1.68,0.72,1397.29
Harare-Bulawayo,440,5,0,5t,4,1,1,1.68,0.72,594.51
Bulawayo-Vic Falls,435,4,0,30t,4,0,3,1.68,0.72,1070.67
Harare-Bulawayo,440,5,0,5t,2,0,2,1.68,0.72,683.15
Harare-Gweru,275,3,0,30t,5,0,3,1.68,0.72,867.31
Harare-Bulawayo,440,5,0,14t,1,0,5,1.68,0.72,556.64
Harare-Gweru,275,3,0,14t,3,0,4,1.68,0.72,535.78
Harare-Bulawayo,440,5,0,5t,2,0,1,1.68,0.72,751.05
Harare-Gweru,275,3,0,30t,5,1,5,1.68,0.72,548.11
Harare-Beitbridge,580,6,122,14t,5,0,5,1.68,0.72,950.34
Harare-Gweru,275,3,0,30t,4,0,5,1.68,0.72,689.67
Harare-Bulawayo,440,5,0,5t,5,0,1,1.68,0.72,841.18
Bulawayo-Vic Falls,435,4,0,5t,5,0,4,1.68,0.72,595.52
Bulawayo-Vic Falls,435,4,0,30t,3,0,4,1.68,0.72,960.4
Mutare-Harare,263,3,0,5t,5,0,3,1.68,0.72,577.25
Harare-Bulawayo,440,5,0,5t,1,0,2,1.68,0.72,655.82
Harare-Bulawayo,440,5,0,5t,3,0,5,1.68,0.72,498.63
Harare-Gweru,275,3,0,14t,4,1,5,1.68,0.72,380.88
Harare-Beitbridge,580,6,122,30t,5,0,5,1.68,0.72,1397.29
Harare-Gweru,275,3,0,5t,5,0,5,1.68,0.72,430.68
Harare-Bulawayo,440,5,0,30t,5,0,4,1.68,0.72,1071.34
Harare-Beitbridge,580,6,122,14t,2,0,5,1.68,0.72,848.52
Mutare-Harare,263,3,0,30t,2,0,1,1.68,0.72,895.95
Mutare-Harare,263,3,0,30t,4,0,1,1.68,0.72,967.63
Harare-Gweru,275,3,0,5t,1,0,5,1.68,0.72,369.15
Mutare-Harare,263,3,0,5t,5,0,4,1.68,0.72,501.2
Mutare-Harare,263,3,0,5t,4,0,5,1.68,0.72,409.97
Mutare-Harare,263,3,0,14t,3,0,1,1.68,0.72,739.65
Harare-Beitbridge,580,6,122,30t,5,1,5,1.68,0.72,1005.82
Bulawayo-Vic Falls,435,4,0,30t,3,1,3,1.68,0.72,790.18
Harare-Bulawayo,440,5,0,5t,2,0,5,1.68,0.72,479.45
Bulawayo-Vic Falls,435,4,0,30t,4,1,3,1.68,0.72,760.36
Bulawayo-Vic Falls,435,4,0,5t,1,0,2,1.68,0.72,640.82
Harare-Gweru,275,3,0,14t,1,0,2,1.68,0.72,624.93
Harare-Beitbridge,580,6,122,30t,4,0,1,1.68,0.72,1640.71
Harare-Gweru,275,3,0,5t,3,1,5,1.68,0.72,290.48
Harare-Gweru,275,3,0,5t,3,0,4,1.68,0.72,470.53
Harare-Gweru,275,3,0,30t,2,1,2,1.68,0.72,656.8
Bulawayo-Vic Falls,435,4,0,30t,3,0,3,1.68,0.72,1031.02
Bulawayo-Vic Falls,435,4,0,5t,2,0,5,1.68,0.72,463.82
Harare-Beitbridge,580,6,122,30t,1,0,3,1.68,0.72,1328.04
Mutare-Harare,263,3,0,14t,2,1,5,1.68,0.72,332.84
Harare-Beitbridge,580,6,122,14t,3,0,4,1.68,0.72,953.08
Harare-Gweru,275,3,0,5t,5,0,3,1.68,0.72,582.77
Harare-Bulawayo,440,5,0,5t,1,0,3,1.68,0.72,590.64
Harare-Bulawayo,440,5,0,14t,2,0,5,1.68,0.72,579.83
Harare-Bulawayo,440,5,0,14t,1,1,5,1.68,0.72,424.13
Harare-Beitbridge,580,6,122,30t,5,0,2,1.68,0.72,1625.43
Harare-Gweru,275,3,0,14t,4,1,5,1.68,0.72,374.04
Mutare-Harare,263,3,0,30t,1,0,5,1.68,0.72,599.38
Mutare-Harare,263,3,0,5t,4,0,1,1.68,0.72,703.3
Mutare-Harare,263,3,0,14t,4,0,2,1.68,0.72,694.77
Bulawayo-Vic Falls,435,4,0,5t,3,0,2,1.68,0.72,694.22
Harare-Gweru,275,3,0,30t,4,0,1,1.68,0.72,983.0
Harare-Bulawayo,440,5,0,14t,3,1,1,1.68,0.72,704.49
Harare-Gweru,275,3,0,5t,5,0,2,1.68,0.72,658.82
Mutare-Harare,263,3,0,14t,1,0,1,1.68,0.72,682.76
Harare-Bulawayo,440,5,0,14t,5,0,2,1.68,0.72,877.56
Mutare-Harare,263,3,0,5t,3,0,5,1.68,0.72,394.79
Harare-Gweru,275,3,0,30t,5,0,3,1.68,0.72,867.31
Bulawayo-Vic Falls,435,4,0,30t,2,0,2,1.68,0.72,1059.26
Mutare-Harare,263,3,0,14t,2,0,4,1.68,0.72,507.51
Harare-Bulawayo,440,5,0,5t,2,0,4,1.68,0.72,547.35
Bulawayo-Vic Falls,435,4,0,30t,3,1,1,1.68,0.72,933.53
Mutare-Harare,263,3,0,14t,4,0,1,1.68,0.72,768.1
Harare-Bulawayo,440,5,0,14t,2,1,4,1.68,0.72,455.18
Mutare-Harare,263,3,0,14t,1,0,1,1.68,0.72,682.76
Bulawayo-Vic Falls,435,4,0,5t,5,0,1,1.68,0.72,823.67
Harare-Bulawayo,440,5,0,5t,4,1,1,1.68,0.72,612.94
Harare-Beitbridge,580,6,122,30t,2,0,5,1.68,0.72,1247.58
Harare-Gweru,275,3,0,14t,5,0,5,1.68,0.72,500.94
Harare-Gweru,275,3,0,30t,2,0,5,1.68,0.72,638.59
Harare-Beitbridge,580,6,122,5t,4,0,3,1.68,0.72,920.16
Harare-Bulawayo,440,5,0,30t,3,0,1,1.68,0.72,1206.66
Mutare-Harare,263,3,0,30t,4,1,2,1.68,0.72,654.56
Harare-Gweru,275,3,0,30t,4,0,4,1.68,0.72,763.0
Harare-Bulawayo,440,5,0,30t,5,0,4,1.68,0.72,1071.34
Mutare-Harare,263,3,0,14t,4,0,1,1.68,0.72,768.1
Mutare-Harare,263,3,0,30t,5,0,3,1.68,0.72,851.37
Mutare-Harare,263,3,0,14t,1,0,3,1.68,0.72,552.39
Harare-Bulawayo,440,5,0,14t,1,0,5,1.68,0.72,556.64
Bulawayo-Vic Falls,435,4,0,14t,5,0,1,1.68,0.72,934.82
Harare-Bulawayo,440,5,0,30t,5,0,2,1.68,0.72,1223.44
Harare-Beitbridge,580,6,122,5t,2,0,2,1.68,0.72,919.9
Bulawayo-Vic Falls,435,4,0,5t,5,0,5,1.68,0.72,519.47
Bulawayo-Vic Falls,435,4,0,30t,2,0,3,1.68,0.72,991.36
Harare-Gweru,275,3,0,30t,3,1,3,1.68,0.72,595.02
Harare-Bulawayo,440,5,0,30t,5,0,5,1.68,0.72,995.29
Mutare-Harare,263,3,0,14t,5,0,2,1.68,0.72,720.5
Harare-Beitbridge,580,6,122,14t,4,0,2,1.68,0.72,1136.4
Bulawayo-Vic Falls,435,4,0,30t,3,1,2,1.68,0.72,795.67
Harare-Beitbridge,580,6,122,14t,5,0,1,1.68,0.72,1254.54
Bulawayo-Vic Falls,435,4,0,14t,4,0,4,1.68,0.72,681.44
Bulawayo-Vic Falls,435,4,0,14t,5,0,2,1.68,0.72,858.77
Harare-Beitbridge,580,6,122,5t,1,0,2,1.68,0.72,883.1
Harare-Gweru,275,3,0,30t,1,0,3,1.68,0.72,743.41
Harare-Bulawayo,440,5,0,5t,2,0,2,1.68,0.72,683.15
Harare-Beitbridge,580,6,122,14t,3,1,2,1.68,0.72,787.19
Harare-Beitbridge,580,6,122,30t,3,0,1,1.68,0.72,1579.95
Harare-Bulawayo,440,5,0,30t,1,1,1,1.68,0.72,852.91
Bulawayo-Vic Falls,435,4,0,30t,2,0,2,1.68,0.72,1059.26
Mutare-Harare,263,3,0,5t,3,0,1,1.68,0.72,677.25
Harare-Bulawayo,440,5,0,5t,4,0,2,1.68,0.72,737.8
Mutare-Harare,263,3,0,30t,2,0,1,1.68,0.72,895.95
Harare-Gweru,275,3,0,30t,5,0,1,1.68,0.72,1019.41
Harare-Bulawayo,440,5,0,30t,2,0,4,1.68,0.72,956.55
Harare-Beitbridge,580,6,122,14t,1,1,5,1.68,0.72,648.21
Bulawayo-Vic Falls,435,4,0,14t,2,0,3,1.68,0.72,698.86
Harare-Gweru,275,3,0,30t,2,1,4,1.68,0.72,549.48
Harare-Bulawayo,440,5,0,5t,1,0,1,1.68,0.72,721.01
Harare-Beitbridge,580,6,122,5t,1,0,4,1.68,0.72,752.73
Harare-Bulawayo,440,5,0,30t,1,0,4,1.68,0.72,918.29
Harare-Gweru,275,3,0,14t,3,0,1,1.68,0.72,747.63
Harare-Beitbridge,580,6,122,30t,1,0,1,1.68,0.72,1458.41
Harare-Gweru,275,3,0,5t,5,0,2,1.68,0.72,658.82
Harare-Gweru,275,3,0,5t,4,0,3,1.68,0.72,561.96
Harare-Beitbridge,580,6,122,30t,4,1,3,1.68,0.72,1141.53
Mutare-Harare,263,3,0,30t,5,1,5,1.68,0.72,541.1
Harare-Bulawayo,440,5,0,30t,4,0,4,1.68,0.72,1033.08
Mutare-Harare,263,3,0,30t,2,1,2,1.68,0.72,625.74
Harare-Gweru,275,3,0,14t,3,0,5,1.68,0.72,465.16
Harare-Beitbridge,580,6,122,14t,1,0,2,1.68,0.72,1010.13
